id,from,to,subject,date,body,threadId
19c0f6767b4b28a6,Instacart <orders@instacart.com>,jane313@gmail.com,Your No Frills order is confirmed for January 30,"Fri, 30 Jan 2026 14:55:58 +0000 (UTC)","Instacart

You can add items until your shopper checks out.

Hi jane313, your No Frills order is all set.

Delivery address

Delivery time

19 avenue road

Today from 1pm - 4pm

Vaughan, ON M4R2X8

Keep an eye out for order updates, and any messages from your shopper if replacements are needed.

Thanks,
The Instacart Team

View order

Items in your order
Forgot something? You can add items until your shopper checks out.

Add items to order

All promotional offers and discounts subject to Instacart terms of service .
Service fees or tips may still apply.

Instacart
50 Beale St. Suite 600. San Francisco, CA 94105

web: https://www.instacart.ca",19c0f6767b4b28a6
19c054aa96b15d3d,Reptilia Vaughan Bookings <bookings.vaughan@reptilia.org>,"""jane P."" <jane313@gmail.com>",Birthday Bookings SO# 9352,"Wed, 28 Jan 2026 15:48:13 +0000","Thank you for booking your birthday with us! I have attached our digital invitation templates.

Weâ€™re excited to help make this celebration unforgettable! Below are the details and important information related to your event:

Package Reminders:

The total guest count includes all attendees (adults and children aged 2 and up).
You can add on up to 5 additional guests to your package. Any additional guests over 5 will upgrade your party package to the next size up.
IMPORTANT - Changes to your party package:

20 - 40 person party packages: Adjustments to the number of attendees can be made on the day of your event. However, we can not upgrade a 40-person to a 50-person package within 7 days
of your party date as a 50-person package requires two hosts.
50-person package : Changes can only be made up to 7 days before your party. You will be unable to downgrade your 50-person package within 7 days of your party date. This is because 50-person
packages require two hosts to accommodate all 50 guests.

Party Itinerary:
9:45 - 10:00AM: Bring party supplies (immediate family only)

10:00 - 11:00AM: Food, cake, & celebrations

11:00 - 11:30AM: Interactive show

11:30 - 11:45AM: Clearing room out

Party guests have general admission to enjoy zoo.

Set up : Immediate family may enter party room 15-minutes before your time slot to set up
Tear down : Immediate family has 15-minutes after your 90-minutes to bring supplies out.

Additional 30-Minutes: $75.00.
Please let us know in advance if you would like to add additional time to your party. We can not guarantee the day of your party that we can accommodate additional time.

Food Reminders:

Youâ€™re welcome to bring your own food and drinks, however they must be nut-free & alcohol-free.
If you plan to cut a cake, please bring your own cake-cutting knife.
Please be aware that we do not have a freezer.

Party Supplies:
We provide paper supplies
as part of our standard party setup:

Cups
Plates
Napkins
Cutlery
Table Paper

Bringing Your Own Supplies:

If you prefer to bring your own supplies , youâ€™re welcome to do so. Should you wish for our host to set up using your
party supplies , please ensure they are brought in prior to your event date and notify us in advance.
Please note : Our host will only set up the typical supplies listed aboveâ€”plates, napkins, cups, cutlery, and tablecloths. Any additional decorations outside of these items (unless
purchased through Reptilia) will not be set up by our host.

Important Decoration Restrictions
We ask that you do NOT bring:

Confetti, glitter, or sequins
Wall decorations (e.g., banners)
Electric hot plates or other burning hazards
Pinatas

Balloons in the zoo or playground (balloons must remain in party rooms)

While we do allow balloons in our party rooms, they must not enter the zoo or playground. Balloons can find their way into our animal exhibits and cause harm to our animals. Balloons
can return to your car after your party is finished. Balloons must not be filled with anything besides helium or air.

Important Deadlines to Remember:

Party Details Confirmation : Please confirm all party details
7 business days prior to the event
Pizza Orders : All pizza orders must be confirmed
before the Wednesday prior to your party
Room Size Changes : Requests for room changes within 7 business days of your party are not guaranteed.

Punctuality & Cancellation Policies

Punctuality : Please ensure all guests arrive on time, as we cannot extend the scheduled room time on the day of your event.
Cancellation :

Within 7 days of booking: No refund will be issued
Within 15 days of booking: 50% of the amount paid will be refunded
30+ days prior to booking: Full refund

Drop-Off Parties
For parties where parents are dropping off children and not staying for the event:
Please ensure that all children are picked up at the front at the designated time.

Additional Notes:
Your party host greatly appreciates tips!

Weâ€™re here to make this celebration stress-free and fun for you and your guests! If you have any questions
or require assistance leading up to your event, please donâ€™t hesitate to contact us.

We look forward to celebrating with you soon!

Sincerely,

Lauren Webber

Booking Coordinator

Business: 905.761.6223

Address: 2501 Rutherford Road, Concord, ON

Email:
bookings.vaughan@reptilia.org

My working hours may not be your working hours. Please do not feel obligated to reply outside of your normal work schedule.",19c054aa96b15d3d
19c03fbcdb5b9f09,"""Audible.ca"" <newsletters@audible.ca>",jane313@gmail.com,Last Chance! Get 3 months for $0.99/month,"Wed, 28 Jan 2026 09:42:38 +0000","Last Chance! Get 3 months for $0.99/month

There's still time to save more than 90% â€‡Í â€‡Í â€‡Í â€‡Í â€‡Í â€‡Í
Í â€‡Í â€‡Í â€‡Í â€‡Í â€‡Í
Í â€‡Í â€‡Í â€‡Í â€‡Í â€‡Í â€‡Í â€‡Í â€‡Í â€‡Í â€‡Í â€‡Í
Í â€‡Í â€‡Í â€‡Í â€‡Í â€‡Í
Í â€‡Í â€‡Í â€‡Í â€‡Í â€‡Í â€‡Í â€‡Í â€‡Í â€‡Í â€‡Í â€‡Í
Í â€‡Í â€‡Í â€‡Í â€‡Í â€‡Í
Í â€‡Í â€‡Í â€‡Í â€‡Í â€‡Í â€‡Í â€‡Í â€‡Í â€‡Í â€‡Í â€‡Í
Í â€‡Í â€‡Í â€‡Í â€‡Í â€‡Í
Í â€‡Í â€‡Í â€‡Í â€‡Í â€‡Í â€‡Í â€‡Í â€‡Í â€‡Í â€‡Í â€‡Í
Í â€‡Í â€‡Í â€‡Í â€‡Í â€‡Í
Í â€‡Í â€‡Í â€‡Í â€‡Í â€‡Í â€‡Í â€‡Í â€‡Í â€‡Í â€‡Í â€‡Í
Í â€‡Í â€‡Í â€‡Í â€‡Í â€‡Í
Í â€‡Í â€‡Í â€‡Í â€‡Í â€‡Í â€‡Í â€‡Í â€‡Í â€‡Í â€‡Í â€‡Í
Í â€‡Í â€‡Í â€‡Í â€‡Í â€‡Í
Í â€‡Í â€‡Í â€‡Í â€‡Í â€‡Í â€‡Í â€‡Í â€‡Í â€‡Í â€‡Í â€‡Í
Í â€‡Í â€‡Í â€‡Í â€‡Í â€‡Í
&shy; &shy; &shy; &shy; &shy; &shy; &shy; &shy; &shy; &shy; &shy; &shy; &shy; &shy; &shy; &shy; &shy; &shy; &shy; &shy; &shy; &shy; &shy; &shy; &shy; &shy; &shy; &shy; &shy; &shy;
&shy; &shy; &shy; &shy; &shy; &shy; &shy; &shy; &shy; &shy; &shy; &shy; &shy; &shy; &shy; &shy; &shy; &shy; &shy; &shy; &shy; &shy; &shy; &shy; &shy; &shy; &shy; &shy; &shy; &shy;
&shy; &shy; &shy; &shy; &shy; &shy; &shy; &shy; &shy; &shy; &shy; &shy; &shy; &shy; &shy; &shy; &shy; &shy; &shy; &shy; &shy; &shy; &shy; &shy; &shy; &shy; &shy; &shy; &shy; &shy;
&shy; &shy; &shy; &shy; &shy; &shy; &shy; &shy; &shy; &shy; &shy; &shy; &shy; &shy; &shy; &shy; &shy; &shy; &shy; &shy; &shy; &shy; &shy; &shy; &shy; &shy; &shy; &shy; &shy; &shy;
&shy; &shy; &shy; &shy; &shy; &shy; &shy; &shy; &shy; &shy; &shy; &shy; &shy; &shy; &shy; &shy; &shy; &shy;
&shy; &shy; &shy; &shy; &shy; &shy; &shy; &shy; &shy; &shy; &shy; &shy; &shy; &shy; &shy; &shy; &shy; &shy; &shy; &shy; &shy; &shy; &shy; &shy; &shy; &shy; &shy; &shy; &shy; &shy;
&shy; &shy; &shy; &shy; &shy; &shy; &shy; &shy; &shy; &shy; &shy; &shy; &shy; &shy; &shy; &shy; &shy; &shy; &shy; &shy; &shy; &shy; &shy; &shy; &shy; &shy; &shy; &shy; &shy; &shy;
&shy; &shy; &shy; &shy; &shy; &shy; &shy; &shy; &shy; &shy; &shy; &shy; &shy; &shy; &shy; &shy; &shy; &shy; &shy; &shy; &shy; &shy; &shy; &shy; &shy; &shy; &shy; &shy; &shy; &shy;
&shy; &shy; &shy; &shy; &shy; &shy; &shy; &shy; &shy; &shy; &shy; &shy; &shy; &shy; &shy; &shy; &shy; &shy; &shy; &shy; &shy; &shy; &shy; &shy; &shy; &shy; &shy; &shy; &shy; &shy;
&shy; &shy; &shy; &shy; &shy; &shy; &shy; &shy; &shy; &shy; &shy; &shy; &shy; &shy; &shy; &shy; &shy; &shy;

For a limited time, save over 90% on the best selection of audiobooks plus podcasts & Originalsâ€”all in one easy app.

Get this deal

Auto-renews at $14.95/mo after 3 months. Cancel anytime. Offer ends January 29, 2026.

More to explore

Bestsellers

New Releases

Coming Soon

Originals

Podcasts

All Genres & Categories

All Lists & Collections

Member Benefits

Library |

Wish List |

FAQ & Help Centre |

Privacy Notice

Offer available until January 29, 2026 at 11:59PM PT. Offer is available only to Audible.ca consumers are not existing Audible members. Offer applies only to an Audible Premium Plus monthly membership sold by Audible.ca. For the first 3 months of your Audible Premium Plus membership, you will be charged the discounted price of $0.99/month + applicable tax. After the first 3 months, your Audible membership will continue until cancelled at the then current full price (currently $14.95/month + applicable tax) with your designated credit card or another available card on file. Cancel anytime by visiting the Account Details page. Offer limited to one per customer and account, may not be combined with other offers, is non-transferable and may not be resold. Audible reserves the right to modify or cancel the offer at any time. If you violate any of these terms, the offer will be invalid. If you change your payment method on the checkout page, the promotional offer may not be automatically applied. If you experience any issues with redeeming the offer after updating your payment details, please contact customer service.

This email was sent to jane doe, jane313@gmail.com. We respect your privacy. You may unsubscribe from Audible promotional emails at any time.

&copy;1&zwnj;9&zwnj;9&zwnj;7&zwnj;-2026 Audible, Inc. Audible and the Audible logo are trademarks of Audible, Inc, or its affiliates. 1 Washington Park, 16th Floor. Newark, NJ 07102. All Rights Reserved. Email reference number: 1334416820",19c03fbcdb5b9f09
19c0276a5d30f977,bookings.vaughan@reptilia.org,jane313@gmail.com,Payment Confirmation,28 Jan 2026 02:37:31 +0000,Order #: 9352 Thank you for your payment! A copy of your invoice is attached to this email for your records.,19c0276a5d30f977
19bf05c8c7f135e7,Etsy <email@email.etsy.com>,jane313@gmail.com,Work it out ğŸ‹ï¸,"Sat, 24 Jan 2026 14:15:54 +0000 (UTC)","Etsy

Fitness finds to refresh your routine.
Í â€Œ Â  â€‡ ï»¿ Í â€Œ Â  â€‡ ï»¿ Í â€Œ Â  â€‡ ï»¿ Í â€Œ Â  â€‡ ï»¿ Í â€Œ Â  â€‡ ï»¿ Í â€Œ Â  â€‡ ï»¿ Í â€Œ Â  â€‡ ï»¿ Í â€Œ Â  â€‡ ï»¿ Í â€Œ Â  â€‡ ï»¿ Í â€Œ Â  â€‡ ï»¿ Í â€Œ Â  â€‡ ï»¿ Í â€Œ Â  â€‡ ï»¿ Í â€Œ Â  â€‡ ï»¿ Í â€Œ Â  â€‡ ï»¿ Í â€Œ Â  â€‡ ï»¿ Í â€Œ Â  â€‡ ï»¿ Í â€Œ Â  â€‡ ï»¿ Í â€Œ Â  â€‡ ï»¿ Í â€Œ Â  â€‡ ï»¿ Í â€Œ Â  â€‡ ï»¿ Í â€Œ Â  â€‡ ï»¿ Í â€Œ Â  â€‡ ï»¿ Í â€Œ Â  â€‡ ï»¿ Í â€Œ Â  â€‡ ï»¿ Í â€Œ Â  â€‡ ï»¿ Í â€Œ Â  â€‡ ï»¿ Í â€Œ Â  â€‡ ï»¿ Í â€Œ Â  â€‡ ï»¿ Í â€Œ Â  â€‡ ï»¿ Í â€Œ Â  â€‡ ï»¿ Í â€Œ Â  â€‡ ï»¿ Í â€Œ Â  â€‡ ï»¿ Í â€Œ Â  â€‡ ï»¿ Í â€Œ Â  â€‡ ï»¿ Í â€Œ Â  â€‡ ï»¿ Í â€Œ Â  â€‡ ï»¿ Í â€Œ Â  â€‡ ï»¿ Í â€Œ Â  â€‡ ï»¿ Í â€Œ Â  â€‡ ï»¿ Í â€Œ Â  â€‡ ï»¿ Í â€Œ Â  â€‡ ï»¿ Í â€Œ Â  â€‡ ï»¿ Í â€Œ Â  â€‡ ï»¿ Í â€Œ Â  â€‡ ï»¿ Í â€Œ Â  â€‡ ï»¿ Í â€Œ Â  â€‡ ï»¿ Í â€Œ Â  â€‡ ï»¿ Í â€Œ Â  â€‡ ï»¿ Í â€Œ Â  â€‡ ï»¿ Í â€Œ Â  â€‡ ï»¿ Í â€Œ Â  â€‡ ï»¿ Í â€Œ Â  â€‡ ï»¿ Í â€Œ Â  â€‡ ï»¿ Í â€Œ Â  â€‡ ï»¿ Í â€Œ Â  â€‡ ï»¿ Í â€Œ Â  â€‡ ï»¿ Í â€Œ Â  â€‡ ï»¿ Í â€Œ Â  â€‡ ï»¿ Í â€Œ Â  â€‡ ï»¿ Í â€Œ Â  â€‡ ï»¿ Í â€Œ Â  â€‡ ï»¿ Í â€Œ Â  â€‡ ï»¿ Í â€Œ Â  â€‡ ï»¿ Í â€Œ Â  â€‡ ï»¿ Í â€Œ Â  â€‡ ï»¿ Í â€Œ Â  â€‡ ï»¿ Í â€Œ Â  â€‡ ï»¿ Í â€Œ Â  â€‡ ï»¿ Í â€Œ Â  â€‡ ï»¿ Í â€Œ Â  â€‡ ï»¿ Í â€Œ Â  â€‡ ï»¿ Í â€Œ Â  â€‡ ï»¿ Í â€Œ Â  â€‡ ï»¿ Í â€Œ Â  â€‡ ï»¿ Í â€Œ Â  â€‡ ï»¿ Í â€Œ Â  â€‡ ï»¿ Í â€Œ Â  â€‡ ï»¿ Í â€Œ Â  â€‡ ï»¿ Í â€Œ Â  â€‡ ï»¿ Í â€Œ Â  â€‡ ï»¿ Í â€Œ Â  â€‡ ï»¿ Í â€Œ Â  â€‡ ï»¿ Í â€Œ Â  â€‡ ï»¿ Í â€Œ Â  â€‡ ï»¿ Í â€Œ Â  â€‡ ï»¿ Í â€Œ Â  â€‡ ï»¿ Í â€Œ Â  â€‡ ï»¿ Í â€Œ Â  â€‡ ï»¿ Í â€Œ Â  â€‡ ï»¿ Í â€Œ Â  â€‡ ï»¿ Í â€Œ Â  â€‡ ï»¿ Í â€Œ Â  â€‡ ï»¿ Í â€Œ Â  â€‡ ï»¿ Í â€Œ Â  â€‡ ï»¿ Í â€Œ Â  â€‡ ï»¿ Í â€Œ Â  â€‡ ï»¿ Í â€Œ Â  â€‡ ï»¿ Í â€Œ Â  â€‡ ï»¿ Í â€Œ Â  â€‡ ï»¿ Í â€Œ

Gifts

Deals

New Arrivals

Move and groove

Re-energize your workout routine with original fitness essentials from small shops.

Smash your goals

See more

Small shop magic

Because buying from real people means more.

Shop now

â†’

Let's be friends

Download the Etsy app

You are receiving this email because you registered on Etsy.com with this email address. To stop receiving Etsy marketing emails, unsubscribe here.

If you live in North America or South America, this email is sent by Etsy, Inc., 117 Adams Street, Brooklyn, NY, 11201, US; if you live elsewhere, this email is sent by Etsy Ireland UC, a subsidiary of Etsy, Inc., One Le Pole Square, Ship Street Great, Dublin 8, Ireland having company registration number 495696 and VAT registration number IE9777587C.

Copyright 2026 Etsy, Inc., an affiliate of Etsy Ireland UC. All rights reserved.

.

.

.

.",19bf05c8c7f135e7
19be777b260a586f,"""Amazon.ca"" <shipment-tracking@amazon.ca>",jane313@gmail.com,Shipped: â€œMedline Standard Aluminum...â€,"Thu, 22 Jan 2026 20:48:59 +0000","Shipped: â€œMedline Standard Aluminum...â€Í &zwnj; â€‡ &shy;Í &zwnj; â€‡ &shy;Í &zwnj; â€‡ &shy;Í &zwnj; â€‡ &shy;Í &zwnj; â€‡ &shy;Í &zwnj; â€‡ &shy;Í &zwnj; â€‡ &shy;Í &zwnj; â€‡ &shy;Í &zwnj; â€‡ &shy;Í &zwnj; â€‡ &shy;Í &zwnj; â€‡ &shy;Í &zwnj; â€‡ &shy;Í &zwnj; â€‡ &shy;Í &zwnj; â€‡ &shy;Í &zwnj; â€‡ &shy;Í &zwnj; â€‡ &shy;Í &zwnj; â€‡ &shy;Í &zwnj; â€‡ &shy;Í &zwnj; â€‡ &shy;Í &zwnj; â€‡ &shy;Í &zwnj; â€‡ &shy;Í &zwnj; â€‡ &shy;Í &zwnj; â€‡ &shy;Í &zwnj; â€‡ &shy;Í &zwnj; â€‡ &shy;Í &zwnj; â€‡ &shy;Í &zwnj; â€‡ &shy;Í &zwnj; â€‡ &shy;Í &zwnj; â€‡ &shy;Í &zwnj; â€‡ &shy;Í &zwnj; â€‡ &shy;Í &zwnj; â€‡ &shy;Í &zwnj; â€‡ &shy;Í &zwnj; â€‡ &shy;Í &zwnj; â€‡ &shy;Í &zwnj; â€‡ &shy;Í &zwnj; â€‡ &shy;Í &zwnj; â€‡ &shy;Í &zwnj; â€‡ &shy;Í &zwnj; â€‡ &shy;Í &zwnj; â€‡ &shy;Í &zwnj; â€‡ &shy;Í &zwnj; â€‡ &shy;Í &zwnj; â€‡ &shy;Í &zwnj; â€‡ &shy;Í &zwnj; â€‡ &shy;Í &zwnj; â€‡ &shy;Í &zwnj; â€‡ &shy;Í &zwnj; â€‡ &shy;Í &zwnj; â€‡ &shy;Í &zwnj; â€‡ &shy;Í &zwnj; â€‡ &shy;Í &zwnj; â€‡ &shy;Í &zwnj; â€‡ &shy;Í &zwnj; â€‡ &shy;Í &zwnj; â€‡ &shy;Í &zwnj; â€‡ &shy;Í &zwnj; â€‡ &shy;Í &zwnj; â€‡ &shy;Í &zwnj; â€‡ &shy;Í &zwnj; â€‡ &shy;Í &zwnj; â€‡ &shy;Í &zwnj; â€‡ &shy;Í &zwnj; â€‡ &shy;Í &zwnj; â€‡ &shy;Í &zwnj; â€‡ &shy;Í &zwnj; â€‡ &shy;Í &zwnj; â€‡ &shy;Í &zwnj; â€‡ &shy;Í &zwnj; â€‡ &shy;Í &zwnj; â€‡ &shy;Í &zwnj; â€‡ &shy;Í &zwnj; â€‡ &shy;Í &zwnj; â€‡ &shy;Í &zwnj; â€‡ &shy;Í &zwnj; â€‡ &shy;Í &zwnj; â€‡ &shy;Í &zwnj; â€‡ &shy;Í &zwnj; â€‡ &shy;Í &zwnj; â€‡ &shy;Í &zwnj; â€‡ &shy;Í &zwnj; â€‡ &shy;Í &zwnj; â€‡ &shy;Í &zwnj; â€‡ &shy;Í &zwnj; â€‡ &shy;Í &zwnj; â€‡ &shy;Í &zwnj; â€‡ &shy;Í &zwnj; â€‡ &shy;Í &zwnj; â€‡ &shy;Í &zwnj; â€‡ &shy;Í &zwnj; â€‡ &shy;Í &zwnj; â€‡ &shy;Í &zwnj; â€‡ &shy;Í &zwnj; â€‡ &shy;Í &zwnj; â€‡ &shy;Í &zwnj; â€‡ &shy;Í &zwnj; â€‡ &shy;Í &zwnj; â€‡ &shy;Í &zwnj; â€‡ &shy;Í &zwnj; â€‡ &shy;Í &zwnj; â€‡ &shy;Í &zwnj; â€‡ &shy;Í &zwnj; â€‡ &shy;Í &zwnj; â€‡ &shy;Í &zwnj; â€‡ &shy;Í &zwnj; â€‡ &shy;Í &zwnj; â€‡ &shy;Í &zwnj; â€‡ &shy;Í &zwnj; â€‡ &shy;Í &zwnj; â€‡ &shy;Í &zwnj; â€‡ &shy;Í &zwnj; â€‡ &shy;Í &zwnj; â€‡ &shy;Í &zwnj; â€‡ &shy;Í &zwnj; â€‡ &shy;Í &zwnj; â€‡ &shy;Í &zwnj; â€‡ &shy;Í &zwnj; â€‡ &shy;Í &zwnj; â€‡ &shy;Í &zwnj; â€‡ &shy;Í &zwnj; â€‡ &shy;Í &zwnj; â€‡ &shy;Í &zwnj; â€‡ &shy;Í &zwnj; â€‡ &shy;Í &zwnj; â€‡ &shy;Í &zwnj; â€‡ &shy;Í &zwnj; â€‡ &shy;Í &zwnj; â€‡ &shy;Í &zwnj; â€‡ &shy;Í &zwnj; â€‡ &shy;Í &zwnj; â€‡ &shy;Í &zwnj; â€‡ &shy;Í &zwnj; â€‡ &shy;Í &zwnj; â€‡ &shy;Í &zwnj; â€‡ &shy;Í &zwnj; â€‡ &shy;Í &zwnj; â€‡ &shy;Í &zwnj; â€‡ &shy;Í &zwnj; â€‡ &shy;Í &zwnj; â€‡ &shy;Í &zwnj; â€‡ &shy;Í &zwnj; â€‡ &shy;Í &zwnj; â€‡ &shy;Í &zwnj; â€‡ &shy;Í &zwnj; â€‡ &shy;Í &zwnj; â€‡ &shy;Í &zwnj; â€‡ &shy;Í &zwnj; â€‡ &shy;Í &zwnj; â€‡ &shy;Í &zwnj; â€‡ &shy; &#xA0;&#xA0;&#xA0; Your Orders &#xA0;&#xA0;&#xA0; &#xA0;&#xA0;&#xA0; Your Account &#xA0;&#xA0;&#xA0; &#xA0;&#xA0;&#xA0; Buy Again &#xA0;&#xA0;&#xA0; Your package was shipped! Ordered Shipped Out for delivery Delivered Arriving tomorrow jane â€“ Maple, Ontario Order # â€«701-0119813-7473017 Track package Medline Standard Aluminum Crutche... Quantity: 1 $ 33 38 Total $33.38 Â©2026 Amazon.com, Inc. or its affiliates. Amazon and all related marks are trademarks of Amazon.com, Inc. or its affiliates. Mailing address: Amazon.com.ca ULC, 410 Terry Avenue N., Seattle, WA 98109-5210, c/o Amazon.com Services LLC. If you have any questions and wish to contact us, click here . Your invoice can be accessed here.",19be777b260a586f
19be65509aa23ce8,"""Amazon.ca"" <auto-confirm@amazon.ca>",jane313@gmail.com,"Ordered: ""Medline Standard Aluminum...""","Thu, 22 Jan 2026 15:31:30 +0000","Ordered: ""Medline Standard Aluminum...""Í &zwnj; â€‡ &shy;Í &zwnj; â€‡ &shy;Í &zwnj; â€‡ &shy;Í &zwnj; â€‡ &shy;Í &zwnj; â€‡ &shy;Í &zwnj; â€‡ &shy;Í &zwnj; â€‡ &shy;Í &zwnj; â€‡ &shy;Í &zwnj; â€‡ &shy;Í &zwnj; â€‡ &shy;Í &zwnj; â€‡ &shy;Í &zwnj; â€‡ &shy;Í &zwnj; â€‡ &shy;Í &zwnj; â€‡ &shy;Í &zwnj; â€‡ &shy;Í &zwnj; â€‡ &shy;Í &zwnj; â€‡ &shy;Í &zwnj; â€‡ &shy;Í &zwnj; â€‡ &shy;Í &zwnj; â€‡ &shy;Í &zwnj; â€‡ &shy;Í &zwnj; â€‡ &shy;Í &zwnj; â€‡ &shy;Í &zwnj; â€‡ &shy;Í &zwnj; â€‡ &shy;Í &zwnj; â€‡ &shy;Í &zwnj; â€‡ &shy;Í &zwnj; â€‡ &shy;Í &zwnj; â€‡ &shy;Í &zwnj; â€‡ &shy;Í &zwnj; â€‡ &shy;Í &zwnj; â€‡ &shy;Í &zwnj; â€‡ &shy;Í &zwnj; â€‡ &shy;Í &zwnj; â€‡ &shy;Í &zwnj; â€‡ &shy;Í &zwnj; â€‡ &shy;Í &zwnj; â€‡ &shy;Í &zwnj; â€‡ &shy;Í &zwnj; â€‡ &shy;Í &zwnj; â€‡ &shy;Í &zwnj; â€‡ &shy;Í &zwnj; â€‡ &shy;Í &zwnj; â€‡ &shy;Í &zwnj; â€‡ &shy;Í &zwnj; â€‡ &shy;Í &zwnj; â€‡ &shy;Í &zwnj; â€‡ &shy;Í &zwnj; â€‡ &shy;Í &zwnj; â€‡ &shy;Í &zwnj; â€‡ &shy;Í &zwnj; â€‡ &shy;Í &zwnj; â€‡ &shy;Í &zwnj; â€‡ &shy;Í &zwnj; â€‡ &shy;Í &zwnj; â€‡ &shy;Í &zwnj; â€‡ &shy;Í &zwnj; â€‡ &shy;Í &zwnj; â€‡ &shy;Í &zwnj; â€‡ &shy;Í &zwnj; â€‡ &shy;Í &zwnj; â€‡ &shy;Í &zwnj; â€‡ &shy;Í &zwnj; â€‡ &shy;Í &zwnj; â€‡ &shy;Í &zwnj; â€‡ &shy;Í &zwnj; â€‡ &shy;Í &zwnj; â€‡ &shy;Í &zwnj; â€‡ &shy;Í &zwnj; â€‡ &shy;Í &zwnj; â€‡ &shy;Í &zwnj; â€‡ &shy;Í &zwnj; â€‡ &shy;Í &zwnj; â€‡ &shy;Í &zwnj; â€‡ &shy;Í &zwnj; â€‡ &shy;Í &zwnj; â€‡ &shy;Í &zwnj; â€‡ &shy;Í &zwnj; â€‡ &shy;Í &zwnj; â€‡ &shy;Í &zwnj; â€‡ &shy;Í &zwnj; â€‡ &shy;Í &zwnj; â€‡ &shy;Í &zwnj; â€‡ &shy;Í &zwnj; â€‡ &shy;Í &zwnj; â€‡ &shy;Í &zwnj; â€‡ &shy;Í &zwnj; â€‡ &shy;Í &zwnj; â€‡ &shy;Í &zwnj; â€‡ &shy;Í &zwnj; â€‡ &shy;Í &zwnj; â€‡ &shy;Í &zwnj; â€‡ &shy;Í &zwnj; â€‡ &shy;Í &zwnj; â€‡ &shy;Í &zwnj; â€‡ &shy;Í &zwnj; â€‡ &shy;Í &zwnj; â€‡ &shy;Í &zwnj; â€‡ &shy;Í &zwnj; â€‡ &shy;Í &zwnj; â€‡ &shy;Í &zwnj; â€‡ &shy;Í &zwnj; â€‡ &shy;Í &zwnj; â€‡ &shy;Í &zwnj; â€‡ &shy;Í &zwnj; â€‡ &shy;Í &zwnj; â€‡ &shy;Í &zwnj; â€‡ &shy;Í &zwnj; â€‡ &shy;Í &zwnj; â€‡ &shy;Í &zwnj; â€‡ &shy;Í &zwnj; â€‡ &shy;Í &zwnj; â€‡ &shy;Í &zwnj; â€‡ &shy;Í &zwnj; â€‡ &shy;Í &zwnj; â€‡ &shy;Í &zwnj; â€‡ &shy;Í &zwnj; â€‡ &shy;Í &zwnj; â€‡ &shy;Í &zwnj; â€‡ &shy;Í &zwnj; â€‡ &shy;Í &zwnj; â€‡ &shy;Í &zwnj; â€‡ &shy;Í &zwnj; â€‡ &shy;Í &zwnj; â€‡ &shy;Í &zwnj; â€‡ &shy;Í &zwnj; â€‡ &shy;Í &zwnj; â€‡ &shy;Í &zwnj; â€‡ &shy;Í &zwnj; â€‡ &shy;Í &zwnj; â€‡ &shy;Í &zwnj; â€‡ &shy;Í &zwnj; â€‡ &shy;Í &zwnj; â€‡ &shy;Í &zwnj; â€‡ &shy;Í &zwnj; â€‡ &shy;Í &zwnj; â€‡ &shy;Í &zwnj; â€‡ &shy;Í &zwnj; â€‡ &shy;Í &zwnj; â€‡ &shy;Í &zwnj; â€‡ &shy;Í &zwnj; â€‡ &shy;Í &zwnj; â€‡ &shy;Í &zwnj; â€‡ &shy;Í &zwnj; â€‡ &shy;Í &zwnj; â€‡ &shy;Í &zwnj; â€‡ &shy;Í &zwnj; â€‡ &shy;Í &zwnj; â€‡ &shy;Í &zwnj; â€‡ &shy; &#xA0;&#xA0;&#xA0; Your Orders &#xA0;&#xA0;&#xA0; &#xA0;&#xA0;&#xA0; Your Account &#xA0;&#xA0;&#xA0; &#xA0;&#xA0;&#xA0; Buy Again &#xA0;&#xA0;&#xA0; Thanks for your order, jane! Ordered Shipped Out for delivery Delivered Arriving tomorrow jane â€“ Maple, Ontario Order # â€«701-0119813-7473017 View or edit order Medline Standard Aluminum Crutche... Quantity: 1 $ 33 38 Total $33.38 Â©2026 Amazon.com, Inc. or its affiliates. Amazon and all related marks are trademarks of Amazon.com, Inc. or its affiliates. Mailing address: Amazon.com.ca ULC, 410 Terry Avenue N., Seattle, WA 98109-5210, c/o Amazon.com Services LLC. If you have any questions and wish to contact us, click here .",19be65509aa23ce8
19bd20ce7f5635d5,"""Amazon.ca"" <auto-confirm@amazon.ca>",jane313@gmail.com,"Ordered: ""Hefty Basics Freezer...""","Sun, 18 Jan 2026 17:00:18 +0000","Ordered: ""Hefty Basics Freezer...""Í &zwnj; â€‡ &shy;Í &zwnj; â€‡ &shy;Í &zwnj; â€‡ &shy;Í &zwnj; â€‡ &shy;Í &zwnj; â€‡ &shy;Í &zwnj; â€‡ &shy;Í &zwnj; â€‡ &shy;Í &zwnj; â€‡ &shy;Í &zwnj; â€‡ &shy;Í &zwnj; â€‡ &shy;Í &zwnj; â€‡ &shy;Í &zwnj; â€‡ &shy;Í &zwnj; â€‡ &shy;Í &zwnj; â€‡ &shy;Í &zwnj; â€‡ &shy;Í &zwnj; â€‡ &shy;Í &zwnj; â€‡ &shy;Í &zwnj; â€‡ &shy;Í &zwnj; â€‡ &shy;Í &zwnj; â€‡ &shy;Í &zwnj; â€‡ &shy;Í &zwnj; â€‡ &shy;Í &zwnj; â€‡ &shy;Í &zwnj; â€‡ &shy;Í &zwnj; â€‡ &shy;Í &zwnj; â€‡ &shy;Í &zwnj; â€‡ &shy;Í &zwnj; â€‡ &shy;Í &zwnj; â€‡ &shy;Í &zwnj; â€‡ &shy;Í &zwnj; â€‡ &shy;Í &zwnj; â€‡ &shy;Í &zwnj; â€‡ &shy;Í &zwnj; â€‡ &shy;Í &zwnj; â€‡ &shy;Í &zwnj; â€‡ &shy;Í &zwnj; â€‡ &shy;Í &zwnj; â€‡ &shy;Í &zwnj; â€‡ &shy;Í &zwnj; â€‡ &shy;Í &zwnj; â€‡ &shy;Í &zwnj; â€‡ &shy;Í &zwnj; â€‡ &shy;Í &zwnj; â€‡ &shy;Í &zwnj; â€‡ &shy;Í &zwnj; â€‡ &shy;Í &zwnj; â€‡ &shy;Í &zwnj; â€‡ &shy;Í &zwnj; â€‡ &shy;Í &zwnj; â€‡ &shy;Í &zwnj; â€‡ &shy;Í &zwnj; â€‡ &shy;Í &zwnj; â€‡ &shy;Í &zwnj; â€‡ &shy;Í &zwnj; â€‡ &shy;Í &zwnj; â€‡ &shy;Í &zwnj; â€‡ &shy;Í &zwnj; â€‡ &shy;Í &zwnj; â€‡ &shy;Í &zwnj; â€‡ &shy;Í &zwnj; â€‡ &shy;Í &zwnj; â€‡ &shy;Í &zwnj; â€‡ &shy;Í &zwnj; â€‡ &shy;Í &zwnj; â€‡ &shy;Í &zwnj; â€‡ &shy;Í &zwnj; â€‡ &shy;Í &zwnj; â€‡ &shy;Í &zwnj; â€‡ &shy;Í &zwnj; â€‡ &shy;Í &zwnj; â€‡ &shy;Í &zwnj; â€‡ &shy;Í &zwnj; â€‡ &shy;Í &zwnj; â€‡ &shy;Í &zwnj; â€‡ &shy;Í &zwnj; â€‡ &shy;Í &zwnj; â€‡ &shy;Í &zwnj; â€‡ &shy;Í &zwnj; â€‡ &shy;Í &zwnj; â€‡ &shy;Í &zwnj; â€‡ &shy;Í &zwnj; â€‡ &shy;Í &zwnj; â€‡ &shy;Í &zwnj; â€‡ &shy;Í &zwnj; â€‡ &shy;Í &zwnj; â€‡ &shy;Í &zwnj; â€‡ &shy;Í &zwnj; â€‡ &shy;Í &zwnj; â€‡ &shy;Í &zwnj; â€‡ &shy;Í &zwnj; â€‡ &shy;Í &zwnj; â€‡ &shy;Í &zwnj; â€‡ &shy;Í &zwnj; â€‡ &shy;Í &zwnj; â€‡ &shy;Í &zwnj; â€‡ &shy;Í &zwnj; â€‡ &shy;Í &zwnj; â€‡ &shy;Í &zwnj; â€‡ &shy;Í &zwnj; â€‡ &shy;Í &zwnj; â€‡ &shy;Í &zwnj; â€‡ &shy;Í &zwnj; â€‡ &shy;Í &zwnj; â€‡ &shy;Í &zwnj; â€‡ &shy;Í &zwnj; â€‡ &shy;Í &zwnj; â€‡ &shy;Í &zwnj; â€‡ &shy;Í &zwnj; â€‡ &shy;Í &zwnj; â€‡ &shy;Í &zwnj; â€‡ &shy;Í &zwnj; â€‡ &shy;Í &zwnj; â€‡ &shy;Í &zwnj; â€‡ &shy;Í &zwnj; â€‡ &shy;Í &zwnj; â€‡ &shy;Í &zwnj; â€‡ &shy;Í &zwnj; â€‡ &shy;Í &zwnj; â€‡ &shy;Í &zwnj; â€‡ &shy;Í &zwnj; â€‡ &shy;Í &zwnj; â€‡ &shy;Í &zwnj; â€‡ &shy;Í &zwnj; â€‡ &shy;Í &zwnj; â€‡ &shy;Í &zwnj; â€‡ &shy;Í &zwnj; â€‡ &shy;Í &zwnj; â€‡ &shy;Í &zwnj; â€‡ &shy;Í &zwnj; â€‡ &shy;Í &zwnj; â€‡ &shy;Í &zwnj; â€‡ &shy;Í &zwnj; â€‡ &shy;Í &zwnj; â€‡ &shy;Í &zwnj; â€‡ &shy;Í &zwnj; â€‡ &shy;Í &zwnj; â€‡ &shy;Í &zwnj; â€‡ &shy;Í &zwnj; â€‡ &shy;Í &zwnj; â€‡ &shy;Í &zwnj; â€‡ &shy;Í &zwnj; â€‡ &shy;Í &zwnj; â€‡ &shy;Í &zwnj; â€‡ &shy;Í &zwnj; â€‡ &shy;Í &zwnj; â€‡ &shy;Í &zwnj; â€‡ &shy;Í &zwnj; â€‡ &shy;Í &zwnj; â€‡ &shy;Í &zwnj; â€‡ &shy; &#xA0;&#xA0;&#xA0; Your Orders &#xA0;&#xA0;&#xA0; &#xA0;&#xA0;&#xA0; Your Account &#xA0;&#xA0;&#xA0; &#xA0;&#xA0;&#xA0; Buy Again &#xA0;&#xA0;&#xA0; Thanks for your order, jane! Ordered Shipped Out for delivery Delivered Arriving tomorrow jane â€“ Maple, Ontario Order # â€«701-7828946-9057041 View or edit order Hefty Basics Freezer Bags/Food Ba... Quantity: 1 $ 11 99 Total $13.55 Â©2026 Amazon.com, Inc. or its affiliates. Amazon and all related marks are trademarks of Amazon.com, Inc. or its affiliates. Mailing address: Amazon.com.ca ULC, 410 Terry Avenue N., Seattle, WA 98109-5210, c/o Amazon.com Services LLC. If you have any questions and wish to contact us, click here .",19bd20ce7f5635d5
19bc2a28a3192811,"""Elodie | La Marcotterie"" <info@lamarcotterie.com>",jane doe <jane313@gmail.com>,Our Winter Sale is Here â„ï¸ - up tp 25% Storewide,"Thu, 15 Jan 2026 17:01:45 +0000",,19bc2a28a3192811
19bc299a7d199653,Kitchen Stuff Plus <kitchenstuffplus@kitchenstuffplus.com>,jane313@gmail.com,NEW Flyer Inside âœ¨â¡ï¸,"Thu, 15 Jan 2026 17:00:06 +0000 (UTC)","Refresh your home and save BIGâ€‡Í â€‡Í â€‡Í â€‡Í â€‡Í â€‡Í â€‡Í â€‡Í â€‡Í â€‡Í â€‡Í â€‡Í â€‡Í â€‡Í â€‡Í â€‡Í â€‡Í â€‡Í â€‡Í â€‡Í â€‡Í â€‡Í â€‡Í â€‡Í â€‡Í â€‡Í â€‡Í â€‡Í â€‡Í â€‡Í â€‡Í â€‡Í â€‡Í â€‡Í â€‡Í â€‡Í â€‡Í â€‡Í â€‡Í â€‡Í â€‡Í â€‡Í â€‡Í â€‡Í â€‡Í â€‡Í â€‡Í â€‡Í â€‡Í â€‡Í â€‡Í â€‡Í â€‡Í â€‡Í â€‡Í â€‡Í â€‡Í â€‡Í â€‡Í â€‡Í â€‡Í â€‡Í â€‡Í â€‡Í â€‡Í â€‡Í â€‡Í â€‡Í â€‡Í â€‡Í â€‡Í â€‡Í â€‡Í â€‡Í â€‡Í â€‡Í â€‡Í â€‡Í â€‡Í â€‡Í â€‡Í â€‡Í â€‡Í â€‡Í â€‡Í â€‡Í â€‡Í â€‡Í â€‡Í â€‡Í â€‡Í â€‡Í â€‡Í â€‡Í â€‡Í â€‡Í â€‡Í â€‡Í â€‡Í â€‡Í â€‡Í â€‡Í â€‡Í â€‡Í â€‡Í â€‡Í â€‡Í â€‡Í â€‡Í â€‡Í â€‡Í â€‡Í â€‡Í â€‡Í â€‡Í â€‡Í â€‡Í â€‡Í â€‡Í â€‡Í â€‡Í â€‡Í â€‡Í â€‡Í â€‡Í â€‡Í â€‡Í â€‡Í â€‡Í â€‡Í â€‡Í â€‡Í â€‡Í â€‡Í â€‡Í â€‡Í â€‡Í â€‡Í â€‡Í â€‡Í â€‡Í â€‡Í â€‡Í â€‡Í â€‡Í â€‡Í â€‡Í â€‡Í â€‡Í â€‡Í Â­ Â­ Â­ Â­ Â­ Â­ Â­ Â­ Â­ Â­ Â­ Â­ Â­ Â­ Â­ Â­ Â­ Â­ Â­ Â­ Â­ Â­ Â­ Â­ Â­ Â­ Â­ Â­ Â­ Â­ Â­ Â­ Â­ Â­ Â­ Â­ Â­ Â­ Â­ Â­ Â­ Â­ Â­ Â­ Â­ Â­ Â­ Â­ Â­ Â­ Â­ Â­ Â­ Â­ Â­ Â­ Â­ Â­ Â­ Â­ Â­ Â­ Â­ Â­ Â­ Â­ Â­ Â­ Â­ Â­ Â­ Â­ Â­ Â­ Â­ Â­ Â­ Â­ Â­ Â­ Â­ Â­ Â­ Â­ Â­ Â­ Â­ Â­ Â­ Â­ Â­ Â­ Â­ Â­ Â­ Â­ Â­ Â­ Â­ Â­ Â­ Â­ Â­ Â­ Â­ Â­ Â­ Â­ Â­ Â­ Â­ Â­ Â­ Â­ Â­ Â­ Â­ Â­ Â­ Â­ Â­ Â­ Â­ Â­ Â­ Â­ Â­ Â­ Â­ Â­ Â­ Â­ Â­ Â­ Â­ Â­ Â­ Â­ Â­ Â­ Â­ Â­ Â­ Â­ Â­ Â­ Â­ Â­ Â­ Â­

*Prices in effect from January 15 to 25, 2026. While it is our intention to have every advertised item in stock, occasionally an item may not be available due to unforeseen difficulties. All items featured in this flyer were available at the time of printing. All discounts are off the regular price. Quantities are limited and available only while supplies last. In the event of a printing error, items will be sold at the correct price. Some items may not be available in all stores. No price matches for previous purchases. WE RESERVE THE RIGHT TO LIMIT QUANTITIES ON ANY ITEMS IN THIS FLYER. Flyer F8452.
*Click & Collect - While it is our intention to have your order ready on the same day within this timeline, your order is subject to store operating hours and the store's capacity to fulfill each order with stock on hand. Delays should be expected during peak shopping days.
*Free Shipping applies to online orders with a subtotal of $75 or more (excluding taxes and shipping fees) shipping to Canadian addresses. Additional shipping fees will apply for oversized or irregular packages, bulk orders, or orders shipping to rural or remote locations. This offer cannot be combined with any other coupon or discount, and is for a limited time only.
This email was sent to jane313@gmail.com by Kitchen Stuff Plus

Contact Us | Unsubscribe | Manage Preferences | View in Your Browser
Kitchen Stuff Plus | 1590 South Gateway Rd Mississauga, Ontario L4W 0A8",19bc299a7d199653
19bc21da6624765f,Etsy <email@email.etsy.com>,jane313@gmail.com,The best of Valentineâ€™s Day â¤ï¸,"Thu, 15 Jan 2026 14:44:40 +0000 (UTC)","Etsy

Heartfelt gifts for all your loves.
Í â€Œ Â  â€‡ ï»¿ Í â€Œ Â  â€‡ ï»¿ Í â€Œ Â  â€‡ ï»¿ Í â€Œ Â  â€‡ ï»¿ Í â€Œ Â  â€‡ ï»¿ Í â€Œ Â  â€‡ ï»¿ Í â€Œ Â  â€‡ ï»¿ Í â€Œ Â  â€‡ ï»¿ Í â€Œ Â  â€‡ ï»¿ Í â€Œ Â  â€‡ ï»¿ Í â€Œ Â  â€‡ ï»¿ Í â€Œ Â  â€‡ ï»¿ Í â€Œ Â  â€‡ ï»¿ Í â€Œ Â  â€‡ ï»¿ Í â€Œ Â  â€‡ ï»¿ Í â€Œ Â  â€‡ ï»¿ Í â€Œ Â  â€‡ ï»¿ Í â€Œ Â  â€‡ ï»¿ Í â€Œ Â  â€‡ ï»¿ Í â€Œ Â  â€‡ ï»¿ Í â€Œ Â  â€‡ ï»¿ Í â€Œ Â  â€‡ ï»¿ Í â€Œ Â  â€‡ ï»¿ Í â€Œ Â  â€‡ ï»¿ Í â€Œ Â  â€‡ ï»¿ Í â€Œ Â  â€‡ ï»¿ Í â€Œ Â  â€‡ ï»¿ Í â€Œ Â  â€‡ ï»¿ Í â€Œ Â  â€‡ ï»¿ Í â€Œ Â  â€‡ ï»¿ Í â€Œ Â  â€‡ ï»¿ Í â€Œ Â  â€‡ ï»¿ Í â€Œ Â  â€‡ ï»¿ Í â€Œ Â  â€‡ ï»¿ Í â€Œ Â  â€‡ ï»¿ Í â€Œ Â  â€‡ ï»¿ Í â€Œ Â  â€‡ ï»¿ Í â€Œ Â  â€‡ ï»¿ Í â€Œ Â  â€‡ ï»¿ Í â€Œ Â  â€‡ ï»¿ Í â€Œ Â  â€‡ ï»¿ Í â€Œ Â  â€‡ ï»¿ Í â€Œ Â  â€‡ ï»¿ Í â€Œ Â  â€‡ ï»¿ Í â€Œ Â  â€‡ ï»¿ Í â€Œ Â  â€‡ ï»¿ Í â€Œ Â  â€‡ ï»¿ Í â€Œ Â  â€‡ ï»¿ Í â€Œ Â  â€‡ ï»¿ Í â€Œ Â  â€‡ ï»¿ Í â€Œ Â  â€‡ ï»¿ Í â€Œ Â  â€‡ ï»¿ Í â€Œ Â  â€‡ ï»¿ Í â€Œ Â  â€‡ ï»¿ Í â€Œ Â  â€‡ ï»¿ Í â€Œ Â  â€‡ ï»¿ Í â€Œ Â  â€‡ ï»¿ Í â€Œ Â  â€‡ ï»¿ Í â€Œ Â  â€‡ ï»¿ Í â€Œ Â  â€‡ ï»¿ Í â€Œ Â  â€‡ ï»¿ Í â€Œ Â  â€‡ ï»¿ Í â€Œ Â  â€‡ ï»¿ Í â€Œ Â  â€‡ ï»¿ Í â€Œ Â  â€‡ ï»¿ Í â€Œ Â  â€‡ ï»¿ Í â€Œ Â  â€‡ ï»¿ Í â€Œ Â  â€‡ ï»¿ Í â€Œ Â  â€‡ ï»¿ Í â€Œ Â  â€‡ ï»¿ Í â€Œ Â  â€‡ ï»¿ Í â€Œ Â  â€‡ ï»¿ Í â€Œ Â  â€‡ ï»¿ Í â€Œ Â  â€‡ ï»¿ Í â€Œ Â  â€‡ ï»¿ Í â€Œ Â  â€‡ ï»¿ Í â€Œ Â  â€‡ ï»¿ Í â€Œ Â  â€‡ ï»¿ Í â€Œ Â  â€‡ ï»¿ Í â€Œ Â  â€‡ ï»¿ Í â€Œ Â  â€‡ ï»¿ Í â€Œ Â  â€‡ ï»¿ Í â€Œ Â  â€‡ ï»¿ Í â€Œ Â  â€‡ ï»¿ Í â€Œ Â  â€‡ ï»¿ Í â€Œ Â  â€‡ ï»¿ Í â€Œ Â  â€‡ ï»¿ Í â€Œ Â  â€‡ ï»¿ Í â€Œ Â  â€‡ ï»¿ Í â€Œ Â  â€‡ ï»¿ Í â€Œ Â  â€‡ ï»¿ Í â€Œ Â  â€‡ ï»¿ Í â€Œ Â  â€‡ ï»¿ Í â€Œ Â  â€‡ ï»¿ Í â€Œ Â  â€‡ ï»¿ Í â€Œ Â  â€‡ ï»¿ Í â€Œ Â  â€‡ ï»¿ Í â€Œ Â  â€‡ ï»¿ Í â€Œ Â  â€‡ ï»¿ Í â€Œ

Gifts

Deals

New Arrivals

Valentineâ€™s gifts, full of heart

From partners and best friends to all the people who mean the most, celebrate every kind of love with thoughtful finds from small shops.

Shop Valentineâ€™s Day

See more

Staff Picks

Steffanie O.

Merchandising Specialist

""To celebrate my best friends, I'm going all out for Galentineâ€™s Day. Every detail down to the napkins will show them how much they mean to me.""

Shop her collection

A card to say, â€œI careâ€

Send a meaningful message with original Valentineâ€™s Day cards from real people.

Shop now

â†’

Let's be friends

Download the Etsy app

You are receiving this email because you registered on Etsy.com with this email address. To stop receiving Etsy marketing emails, unsubscribe here.

If you live in North America or South America, this email is sent by Etsy, Inc., 117 Adams Street, Brooklyn, NY, 11201, US; if you live elsewhere, this email is sent by Etsy Ireland UC, a subsidiary of Etsy, Inc., One Le Pole Square, Ship Street Great, Dublin 8, Ireland having company registration number 495696 and VAT registration number IE9777587C.

Copyright 2026 Etsy, Inc., an affiliate of Etsy Ireland UC. All rights reserved.

.

.

.

.",19bc21da6624765f
19bc1fbf02218888,Spotify <no-reply@spotify.com>,jane313@gmail.com,Enjoy 1 month of ad-free music listening for $0 and $12.69/month after,"Thu, 15 Jan 2026 14:07:50 +0000 (UTC)","Enjoy 1 month of ad-free music listening for $0 and $12.69/month after Turn on nonstop music listening.

Get 1 month of ad-free music listening with Spotify, $12.69/month after Cancel anytime. Keep the party going with ad-free music listening on Spotify Premium.

GET PREMIUM
Individual plan only. New to Premium only. Cancel anytime. Terms and conditions apply.

Get Spotify for: iPhone iPad Android Other This message was sent to jane313@gmail.com. If you don't want to receive these emails from Spotify in the future, you can edit your profile or unsubscribe. Terms of Use Privacy Policy Contact Us Spotify AB, Regeringsgatan 19, 111 53, Stockholm, Sweden",19bc1fbf02218888
19ba8d922d8a3595,YWS <yws@youthwithoutshelter.ccsend.com>,jane313@gmail.com,Reminder: UPDATE: Home For The Holidays,"Sat, 10 Jan 2026 11:59:20 -0500 (EST)","Email from Youth Without Shelter
Thank You For Supporting Our Youth &#x200a;
Hello jane,

As we step into the New Year, we are sending our warmest wishes to you for health, happiness, and many moments of joy ahead. On behalf of our residents and staff, thank you for being such an essential part of the YWS family.

Because of you, our shelter truly felt like home this holiday season. Long-time and first-time supporters came together in the most beautiful way. Volunteers showed up with generous donations, helped us sort gift-in-kind items, cooked comforting meals, wrapped presents, and filled our space with care and kindness.

Thanks to your incredible generosity, we were also thrilled to reach our $600,000 goal for the Home for the Holidays Double Match Campaign , making it our most successful holiday campaign to date . This extraordinary milestone will have a lasting impact on the youth we serve and ensure critical programs and supports remain available when they are needed most.

Because of you, our youth were able to enjoy a calm and joyful holiday, something that can be especially hard during this time of year. They opened personalized gifts paired with heartfelt cards of encouragement, shared laughter over games, and enjoyed delicious meals made with love.

The magic did not stop there. The Home Depot team transformed our shelter into a festive wonderland, complete with decorations and a glowing light-up arch at the stairs that made the space feel straight out of a movie scene.
&#xfeff;
Thank you for keeping our youth in your hearts and for standing with us every step of the way. Your generosity, time, and compassion make everything we do possible, and we are deeply grateful to have you as part of our community as we head into the year ahead.

Monika Fox
YWS Director of Philanthropy

Looking to volunteer or donate goods ?
Please reach out to Varagi at 416-748-0110 x 62 or at&#xa0; varagi@yws.on.ca .
&#x200a;
&#x200a; &#xa0; &#xa0;

6 Warrendale Court
Etobicoke, ON
M9V 1P9
416-748-0110

Youth Without Shelter | 6 Warrendale Court | Etobicoke, ON M9V 1P9 CA Unsubscribe | Update Profile | Constant Contact Data Notice",19ba8d922d8a3595
19ba51783f6ff0ef,DHL EXPRESS <donotreply_odd@dhl.com>,jane313@gmail.com,DHL On Demand Delivery,"Fri, 9 Jan 2026 23:28:58 +0000 (UTC)","English | FranÃ§ais Delivery Order - Signature Release Your Updated Delivery Details Hello jane doe, You have requested a delivery change for your DHL Express shipment with waybill number 5418050175 from LULUS. As requested, no signature is required for this shipment. Please check your updated delivery information below. To track your shipment, click here . Signature Release Your Updated Delivery Information Waybill No. 5418050175 Delivery Address 19 avenue road MAPLE Lane M4R 2X8, MAPLE Estimated Delivery Date Wed Jan 14 Delivery Time Instruction You Gave Us Location: Front door Thank you for using On Demand Delivery. DHL Express - Excellence. Simply delivered. DHL Express | Contact DHL | Privacy Notice | Unsubscribe 2026 &copy; DHL International GmbH. All rights reserved. English | FranÃ§ais Delivery Order - Signature Release Mis Ã€ Jour De Vos DÃ©tails D'expÃ©dition Bonjour jane doe, Vous avez demandÃ© un changement de livraison pour votre envoi DHL Express avec le numÃ©ro de bordereau 5418050175 de LULUS. â€‹ Comme demandÃ©, aucune signature ne sera exigÃ©e pour cet envoi. Veuillez vÃ©rifier vos information de livraison mises Ã  jour ci-dessous. Pour suivre votre envoi, cliquez ici . DÃ©charge de signature MISE Ã€ JOUR D'INFORMATION SUR L'EXPÃ‰DITION No de Bordereau d'envoi 5418050175 Adresse d'envoi 19 avenue road MAPLE Lane M4R 2X8, MAPLE Date de livraison estimÃ©e mer. janv. 14 L'heure de livraison Les instructions dont vous nous avez fournies Emplacement: Front door Merci d'utiliser On Demand Delivery. DHL Express - Excellence. Simply delivered. DHL Express | Contactez DHL | Avis de confidentialitÃ© | Se dÃ©sabonner 2026 &copy; DHL International GmbH. All rights reserved.",19ba51783f6ff0ef
19ba50c2cb5b9664,DHL EXPRESS <NoReply.ODD@dhl.com>,jane313@gmail.com,DHL On Demand Delivery,"Fri, 9 Jan 2026 23:16:35 +0000 (UTC)","English | FranÃ§ais Event Notification Your Shipment Is On Its Way Hello jane doe, Your DHL Express shipment with waybill number 5418050175 from LULUS is on its way. To authorise delivery without signature, or for other delivery options, click here . Delivery Information Waybill No. 5418050175 Delivery Address 19 avenue road MAPLE Lane M4R 2X8 MAPLE Shipper's Reference N/A DHL Express - Excellence. Simply delivered. DHL Express | Contact DHL | Privacy Notice | Unsubscribe 2026 &copy; DHL International GmbH. All rights reserved. English | FranÃ§ais Event Notification VOTRE ENVOI EST PRÃ‰SENTEMENT EN TRANSIT Bonjour jane doe, Votre envoi DHL Express avec le numÃ©ro de bordereau 5418050175 de LULUS est en transit. Pour autoriser la livraison sans signature, ou pour d'autres options de livraison, veuillez cliquer ici . INFORMATIONS SUR LA LIVRAISON No de Bordereau d'envoi 5418050175 Adresse d'envoi 19 avenue road MAPLE Lane M4R 2X8 MAPLE RÃ©fÃ©rence de l'expÃ©diteur N/A DHL Express - Excellence. Simply delivered. DHL Express | Contactez DHL | Avis de confidentialitÃ© | Se dÃ©sabonner 2026 &copy; DHL International GmbH. All rights reserved.",19ba50c2cb5b9664
19b99f410d1a9b5b,brian potter <bpotter@gmail.com>,Quyen Taylor <quyentaylor@gopineapple.com>,Re: Mortgage Approval,"Wed, 7 Jan 2026 14:34:15 -0500","Updated the insurance information and confirmed that they will be sending an updated insurance binder! Best, brian On Tue, Jan 6, 2026 at 9:23â€¯AM Quyen Taylor < quyentaylor@gopineapple.com > wrote: Got the signed docs, thanks. I will look out for the insurance doc later. Regards, Quyen On Mon, Jan 5, 2026 at 9:47â€¯PM brian potter < bpotter@gmail.com > wrote: Signed the PAD and wil contact theÂ insuranceÂ company tomorrow. Thanks so much for yourÂ help here! Best, brian On Mon, Jan 5, 2026 at 4:15â€¯PM Quyen Taylor < quyentaylor@gopineapple.com > wrote: Hi brian and jane!Â  Happy new year to you both! I hope you had some relaxing family time during the holiday season. @brian, can you please sign the PAD form (I just resent it to you).Â  And tomorrow, could you please call the insurance provider and ask them to update the 1st mortgagee information to the below. Info/instructions below:Â  MCAP Service Corporation, PO Box 351 STN C, Kitchener ON N2G 3Y9. EffectiveÂ date is: January 26, 2026 Let them know you are switching lenders.Â  Ask them to also provide confirmation that the ""dwelling insurance will be in the amount of 100% of the value of the mortgage or full guaranteed replacement cost"", and to provide anÂ  updated insurance binder to confirm all this. Thanks, Quyen ---------- Forwarded message --------- From: Quyen Taylor < quyentaylor@gopineapple.com > Thanks brian. Yes, you'll need to call the insurance provider and let them know that you are switching lenders and ask them to update the mortgagee with the information below:Â  MCAP Service Corporation, PO Box 351 STN C, Kitchener ON N2G 3Y9. EffectiveÂ date is: January 26, 2026 Ask them to also provide confirmation that the ""dwelling insurance will be in the amount of 100% of the value of the mortgage or full guaranteed replacement cost"".Â  Then ask for an updated insurance binder to confirm all this. Thanks, Quyen Taylor Mortgage Broker Pineapple A 200-111 Gordon Baker Road , North York, ON, M2H 3R1 M 647-968-1208 E quyentaylor@gopineapple.com P https://www.qmtmortgages.ca/ Lic. ON-M17000788 Brokerage License # 12830 On Fri, Nov 14, 2025 at 8:44â€¯AM brian potter < bpotter@gmail.com > wrote: Thanks Quyen!Â  Attached is a direct deposit form (let me know if you need something else).Â  As for the updating of the fire insurance policy, this is something we need to reach out to our provider and tell them? Best, brian On Thu, Nov 13, 2025 at 10:16â€¯AM Quyen Taylor < quyentaylor@gopineapple.com > wrote: Hi brian and jane, I've updated the list below as the T2's and business financials are not needed. CouldÂ you please send? - Void Cheque for the account you want the mortgage payments to come from - update fire insurance policy with the following Dwelling insurance will be in the amount of 100% of the value of the mortgage or full guaranteed replacement cost Name MCAP as 1st mortgagee using this address: MCAP Service Corporation, PO Box 351 STN C, Kitchener ON N2G 3Y9. I'm also reaching out to your current lender as well to see if there's been any updates to rate.Â  Thanks, Quyen Taylor Mortgage Broker Pineapple A 200-111 Gordon Baker Road , North York, ON, M2H 3R1 M 647-968-1208 E quyentaylor@gopineapple.com P https://www.qmtmortgages.ca/ Lic. ON-M17000788 Brokerage License # 12830 On Tue, Nov 11, 2025 at 10:53â€¯PM Quyen Taylor < quyentaylor@gopineapple.com > wrote: Hi brian and jane, I've received and submitted the signed mortgage approval documents to the lender. There are a few remaining items to complete - could you please provide the following: - Void Cheque for the account you want the payments to come from - Last 2 years T2 corporation income tax returns or Â the last 2 years audited/accountant prepared financials This can be completed later: - update fire insurance policy with the following Dwelling insurance be in amount of 100% of the value of the mortgage or full guaranteed replacement cost name MCAP as 1st mortgagee using this address: MCAP Service Corporation, PO Box 351 STN C, Kitchener ON N2G 3Y9. Thanks,Â  Quyen Taylor Mortgage Broker Pineapple A 200-111 Gordon Baker Road , North York, ON, M2H 3R1 M 647-968-1208 E quyentaylor@gopineapple.com P https://www.qmtmortgages.ca/ Lic. ON-M17000788 Brokerage License # 12830 On Mon, Nov 3, 2025 at 3:03â€¯PM Quyen Taylor < quyentaylor@gopineapple.com > wrote: Hi brian and jane, I've sent the mortgage approval and associated documents for you both to review and sign. Please review and let me know if you have any questions! You can give me a call or click on the link below to schedule a meeting for us to review together. https://calendar.app.google/AGpWphURyGczkytR7 Regards, Quyen Taylor Mortgage Broker Pineapple A 200-111 Gordon Baker Road , North York, ON, M2H 3R1 M 647-968-1208 E quyentaylor@gopineapple.com P https://www.qmtmortgages.ca/ Lic. ON-M17000788 Brokerage License # 12830

This email may be privileged and/or confidential, andÂ the sender does not waive any related rights andÂ obligations. Any distribution, use or copying of thisÂ email or the information it contains by other than anÂ intended recipient is unauthorized. If you received thisÂ email in error, please advise the sender (by returnÂ email or otherwise) immediately. You have consentedÂ to receive the attached electronically at the above-noted email address; please retain a copy of thisÂ confirmation for future reference. Ce courriel est confidentiel et protÃ©gÃ©. L'expÃ©diteur neÂ renonce pas aux droits et obligations qui s'yÂ rapportent. Toute diffusion, utilisation ou copie de ceÂ courriel ou des renseignements qu'il contient par uneÂ personne autre que le (les) destinataire(s) dÃ©signÃ©(s)Â est interdite. Si vous recevez ce courriel par erreur,Â veuillez en aviser l'expÃ©diteur immÃ©diatement, parÂ retour de courriel ou par un autre moyen. Vous avezÂ acceptÃ© de recevoir le(s) document(s) ci-joint(s) parÂ voie Ã©lectronique Ã  l'adresse courriel indiquÃ©e ci-dessus; veuillez conserver une copie de cetteÂ confirmation pour les fins de reference future.

This email may be privileged and/or confidential, andÂ the sender does not waive any related rights andÂ obligations. Any distribution, use or copying of thisÂ email or the information it contains by other than anÂ intended recipient is unauthorized. If you received thisÂ email in error, please advise the sender (by returnÂ email or otherwise) immediately. You have consentedÂ to receive the attached electronically at the above-noted email address; please retain a copy of thisÂ confirmation for future reference. Ce courriel est confidentiel et protÃ©gÃ©. L'expÃ©diteur neÂ renonce pas aux droits et obligations qui s'yÂ rapportent. Toute diffusion, utilisation ou copie de ceÂ courriel ou des renseignements qu'il contient par uneÂ personne autre que le (les) destinataire(s) dÃ©signÃ©(s)Â est interdite. Si vous recevez ce courriel par erreur,Â veuillez en aviser l'expÃ©diteur immÃ©diatement, parÂ retour de courriel ou par un autre moyen. Vous avezÂ acceptÃ© de recevoir le(s) document(s) ci-joint(s) parÂ voie Ã©lectronique Ã  l'adresse courriel indiquÃ©e ci-dessus; veuillez conserver une copie de cetteÂ confirmation pour les fins de reference future.

This email may be privileged and/or confidential, andÂ the sender does not waive any related rights andÂ obligations. Any distribution, use or copying of thisÂ email or the information it contains by other than anÂ intended recipient is unauthorized. If you received thisÂ email in error, please advise the sender (by returnÂ email or otherwise) immediately. You have consentedÂ to receive the attached electronically at the above-noted email address; please retain a copy of thisÂ confirmation for future reference. Ce courriel est confidentiel et protÃ©gÃ©. L'expÃ©diteur neÂ renonce pas aux droits et obligations qui s'yÂ rapportent. Toute diffusion, utilisation ou copie de ceÂ courriel ou des renseignements qu'il contient par uneÂ personne autre que le (les) destinataire(s) dÃ©signÃ©(s)Â est interdite. Si vous recevez ce courriel par erreur,Â veuillez en aviser l'expÃ©diteur immÃ©diatement, parÂ retour de courriel ou par un autre moyen. Vous avezÂ acceptÃ© de recevoir le(s) document(s) ci-joint(s) parÂ voie Ã©lectronique Ã  l'adresse courriel indiquÃ©e ci-dessus; veuillez conserver une copie de cetteÂ confirmation pour les fins de reference future.",19a4b515326391c7
19b999e6eb90a2ff,YWS <yws@youthwithoutshelter.ccsend.com>,jane313@gmail.com,UPDATE: Home For The Holidays,"Wed, 7 Jan 2026 13:00:54 -0500 (EST)","Email from Youth Without Shelter
Thank You For Supporting Our Youth &#x200a;
Hello jane,

As we step into the New Year, we are sending our warmest wishes to you for health, happiness, and many moments of joy ahead. On behalf of our residents and staff, thank you for being such an essential part of the YWS family.

Because of you, our shelter truly felt like home this holiday season. Long-time and first-time supporters came together in the most beautiful way. Volunteers showed up with generous donations, helped us sort gift-in-kind items, cooked comforting meals, wrapped presents, and filled our space with care and kindness.

Thanks to your incredible generosity, we were also thrilled to reach our $600,000 goal for the Home for the Holidays Double Match Campaign , making it our most successful holiday campaign to date . This extraordinary milestone will have a lasting impact on the youth we serve and ensure critical programs and supports remain available when they are needed most.

Because of you, our youth were able to enjoy a calm and joyful holiday, something that can be especially hard during this time of year. They opened personalized gifts paired with heartfelt cards of encouragement, shared laughter over games, and enjoyed delicious meals made with love.

The magic did not stop there. The Home Depot team transformed our shelter into a festive wonderland, complete with decorations and a glowing light-up arch at the stairs that made the space feel straight out of a movie scene.
&#xfeff;
Thank you for keeping our youth in your hearts and for standing with us every step of the way. Your generosity, time, and compassion make everything we do possible, and we are deeply grateful to have you as part of our community as we head into the year ahead.

Monika Fox
YWS Director of Philanthropy

Looking to volunteer or donate goods ?
Please reach out to Varagi at 416-748-0110 x 62 or at&#xa0; varagi@yws.on.ca .
&#x200a;
&#x200a; &#xa0; &#xa0;

6 Warrendale Court
Etobicoke, ON
M9V 1P9
416-748-0110

Youth Without Shelter | 6 Warrendale Court | Etobicoke, ON M9V 1P9 CA Unsubscribe | Update Profile | Constant Contact Data Notice",19b999e6eb90a2ff
19b768fa1f30cfdf,Reptilia Inc <media@reptilia.org>,<jane313@gmail.com>,Celebrate New Yearâ€™s Eve with Special Savings,"Wed, 31 Dec 2025 22:37:53 +0000","Celebrate New Yearâ€™s Eve with Special Savings
Big Birthdays Deserve Big Savings -Get 25% off 30 Person Birthday Parties at Reptilia&zwnj; &shy;&zwnj; &shy;&zwnj; &shy;&zwnj; &shy;&zwnj; &shy;&zwnj; &shy;&zwnj; &shy;&zwnj; &shy;&zwnj; &shy;&zwnj; &shy;&zwnj; &shy;&zwnj; &shy;&zwnj; &shy;&zwnj; &shy;&zwnj; &shy;&zwnj; &shy;&zwnj; &shy;&zwnj; &shy;&zwnj; &shy;&zwnj; &shy;&zwnj; &shy;&zwnj; &shy;&zwnj; &shy;&zwnj; &shy;&zwnj; &shy;&zwnj; &shy;&zwnj; &shy;&zwnj; &shy;&zwnj; &shy;&zwnj; &shy;&zwnj; &shy;&zwnj; &shy;&zwnj; &shy;&zwnj; &shy;&zwnj; &shy;&zwnj; &shy;&zwnj; &shy;&zwnj; &shy;&zwnj; &shy;&zwnj; &shy;&zwnj; &shy;&zwnj; &shy;&zwnj; &shy;&zwnj; &shy;&zwnj; &shy;&zwnj; &shy;&zwnj; &shy;&zwnj; &shy;&zwnj; &shy;&zwnj; &shy;&zwnj; &shy;&zwnj; &shy;&zwnj; &shy;&zwnj; &shy;&zwnj; &shy;&zwnj; &shy;&zwnj; &shy;&zwnj; &shy;&zwnj; &shy;&zwnj; &shy;&zwnj; &shy;&zwnj; &shy;&zwnj; &shy;&zwnj; &shy;&zwnj; &shy;&zwnj; &shy;&zwnj; &shy;&zwnj; &shy;&zwnj; &shy;&zwnj; &shy;&zwnj; &shy;&zwnj; &shy;&zwnj; &shy;&zwnj; &shy;&zwnj; &shy;&zwnj; &shy;&zwnj; &shy;&zwnj; &shy;&zwnj; &shy;&zwnj; &shy;&zwnj; &shy;&zwnj; &shy;&zwnj; &shy;&zwnj; &shy;&zwnj; &shy;&zwnj; &shy;&zwnj; &shy;&zwnj; &shy;&zwnj; &shy;&zwnj; &shy;&zwnj; &shy;&zwnj; &shy;&zwnj; &shy;&zwnj; &shy;&zwnj; &shy;&zwnj; &shy;&zwnj; &shy;&zwnj; &shy;&zwnj; &shy;&zwnj; &shy;&zwnj; &shy;&zwnj; &shy;&zwnj; &shy;&zwnj; &shy;&zwnj; &shy;&zwnj; &shy;&zwnj; &shy;&zwnj; &shy;&zwnj; &shy;&zwnj; &shy;&zwnj; &shy;&zwnj; &shy;&zwnj; &shy;&zwnj; &shy;&zwnj; &shy;&zwnj; &shy;&zwnj; &shy;&zwnj; &shy;&zwnj; &shy;&zwnj; &shy;&zwnj; &shy;&zwnj; &shy;&zwnj; &shy;&zwnj; &shy;&zwnj; &shy;&zwnj; &shy;&zwnj; &shy;&zwnj; &shy;&zwnj; &shy;&zwnj; &shy;&zwnj; &shy;&zwnj; &shy;&zwnj; &shy;&zwnj; &shy;&zwnj; &shy;&zwnj; &shy;&zwnj; &shy;&zwnj; &shy;&zwnj; &shy;&zwnj; &shy;&zwnj; &shy;&zwnj; &shy;&zwnj; &shy;&zwnj; &shy;&zwnj; &shy;&zwnj; &shy;&zwnj; &shy;&zwnj; &shy;&zwnj; &shy;&zwnj; &shy;&zwnj; &shy;&zwnj; &shy;&zwnj; &shy;&zwnj; &shy;&zwnj; &shy;&zwnj; &shy;&zwnj; &shy;&zwnj; &shy;&zwnj; &shy;&zwnj; &shy;&zwnj; &shy;&zwnj; &shy;&zwnj; &shy;&zwnj; &shy;&zwnj; &shy;&zwnj; &shy;&zwnj; &shy;&zwnj; &shy;&zwnj; &shy;&zwnj; &shy;&zwnj; &shy;&zwnj; &shy;&zwnj; &shy;&zwnj; &shy;&zwnj; &shy;&zwnj; &shy;&zwnj; &shy;&zwnj; &shy;&zwnj; &shy;&zwnj; &shy;&zwnj; &shy;&zwnj; &shy;&zwnj; &shy;&zwnj; &shy;&zwnj; &shy;&zwnj; &shy;&zwnj; &shy;&zwnj; &shy;&zwnj; &shy;&zwnj; &shy;&zwnj; &shy;&zwnj; &shy;&zwnj; &shy;&zwnj; &shy;&zwnj; &shy;&zwnj; &shy;&zwnj; &shy;&zwnj; &shy;&zwnj; &shy;&zwnj; &shy;
ğŸ‰ Host the Ultimate Birthday Adventure at Reptilia ğŸ‰ For a limited time, save 25% on 30 Person Birthday Parties at Reptilia Perfect for big celebrations and unforgettable experiences. Celebrate your childâ€™s big day at Canadaâ€™s largest indoor reptile zoo. More friends. More fun. More Reptiles. Our birthday parties deliver hands on excitement from start to finish. Guests meet incredible Reptiles up close, explore immersive exhibits, and create memories that last. Every Reptilia birthday party includes ğŸ Live Animal Encounters with amazing Reptiles ğŸ¦ Professional Hosts who handle everything for you ğŸ Private Party Room for your group ğŸ‰ A high energy experience kids and parents love Big birthdays deserve big savings. Spots are limited. ğŸ‘‰ Book your 30 Person Birthday Party at Reptilia today. Book With Reptilia Vaughan! Book With Reptilia Whitby! Book With Reptilia London! Â­ Reptilia Inc 2501 Rutherford Road, L4K2N6, Vaughan 1400 Victoria Street East, L1N 0M2, Whitby 785 Wonderland Road South, N6k 1M6, London This email was sent to jane313@gmail.com You've received this email because you've subscribed to our newsletter. Unsubscribe",19b768fa1f30cfdf
19b74d1a70ca665b,YWS <yws@youthwithoutshelter.ccsend.com>,jane313@gmail.com,Reminder: â„ï¸Last Chance to Make a 2025 Tax-Deductible Donationâ„ï¸,"Wed, 31 Dec 2025 09:30:55 -0500 (EST)","Email from Youth Without Shelter
Thank You For Supporting Our Youth &#x200a;
Hello jane,

This holiday season, our hearts are full of gratitude for you, our incredible donors, volunteers, and supporters. Through our Home for the Holidays campaign , your generosity took many meaningful forms, from financial gifts and essential items to lovingly prepared meals that helped YWS truly feel like home when it mattered most.

Thanks to you, we are so close to our goal. Just $28,500 remains to reach our $300,000 Home for the Holidays target , which will be matched thanks to our generous benefactors.
DOUBLE YOUR IMPACT
There is still time to make a difference in 2025.
Your donation helps provide safe shelter, nourishing meals, and life-changing support for youth on their journey toward stability, healing, and hope, while also ensuring you receive a 2025 charitable tax receipt for gifts made on or before December 31, 2025.

We truly could not make YWS a home without you. Thank you for standing with us, believing in our youth, and being part of their journey.
&#xfeff;
Wishing you and yours a joyful holiday season and a happy, hopeful New Year.
DONATE NOW

Looking to volunteer or donate goods ?
Please reach out to Varagi at 416-748-0110 x 62 or at&#xa0; varagi@yws.on.ca .
&#x200a;
&#x200a; &#xa0; &#xa0;

6 Warrendale Court
Etobicoke, ON
M9V 1P9
416-748-0110

Youth Without Shelter | 6 Warrendale Court | Etobicoke, ON M9V 1P9 CA Unsubscribe | Update Profile | Constant Contact Data Notice",19b74d1a70ca665b
19b419072a0756df,Making Dream <info@makingdream.ca>,jane313@gmail.com,Your Making Dream order is now complete,"Sun, 21 Dec 2025 10:39:02 -0500","Making Dream

Your Making Dream order is now complete

Hi jane,
We have finished processing your order.
Hereâ€™s a reminder of what youâ€™ve ordered:

Order summary Order #41607 ( 17 December 2025 )

50 Premium Mixed Color Roses Bouquet

SKU:

MD-BO-2025-300

Greeting Card: No Greeting Card Add-ons: Luxury Wrapping Wrapping: Luxury (+CADÂ 9.99) Instructions: Instructions: Write any addtional instructions here.: Please do only red/pink shades. No yellow, no whites please.

Ã—1

CAD Â 269.98

Subtotal:
CAD Â 269.98

Shipping: Store pickup
Store pickup

HST (13%):
CAD Â 35.10

Total:
CAD Â 305.08

Payment method:
Debit & Credit Cards

Pickup Date
December 21, 2025

Pickup Time
09:30 AM - 11:55 AM

Pickup Location
Vaughan

Print invoice

Billing address

jane doe 19 avenue road Maple ON M4R 2X8 16473825535 jane313@gmail.com

Thank you for choosing our luxury flower shop for your special purchase. Your support means the world to us. We are pleased to inform you that your order has been successfully processed and delivered to your designated shipping address.

Making Dream",19b419072a0756df
19b2f515907ed30a,Making Dream <info@makingdream.ca>,jane313@gmail.com,Your Making Dream order has been received!,"Wed, 17 Dec 2025 18:36:56 -0800","Making Dream

Thank you for your order

Hi jane,
Just to let you know â€” weâ€™ve received your order, and it is now being processed.
Hereâ€™s a reminder of what youâ€™ve ordered:

Order summary Order #41607 ( 17 December 2025 )

50 Premium Mixed Color Roses Bouquet

SKU:

MD-BO-2025-300

Greeting Card: No Greeting Card Add-ons: Luxury Wrapping Wrapping: Luxury (+CADÂ 9.99) Instructions: Instructions: Write any addtional instructions here.: Please do only red/pink shades. No yellow, no whites please.

Ã—1

CAD Â 269.98

Subtotal:
CAD Â 269.98

Shipping: Store pickup
Store pickup

HST (13%):
CAD Â 35.10

Total:
CAD Â 305.08

Payment method:
Debit & Credit Cards

Pickup Date
December 21, 2025

Pickup Time
09:30 AM - 11:55 AM

Pickup Location
Vaughan

Print invoice

Billing address

jane doe 19 avenue road Maple ON M4R 2X8 Canada 16473825535 jane313@gmail.com

Thanks again! If you need any help with your order, please contact us at info@makingdream.ca .

Making Dream",19b2f515907ed30a
19b2a0f84d22e433,Hope Hockey League <no-reply@mailer-h.sportsengine.com>,jane313@gmail.com,JHL 2026 Registration Confirmation,"Wed, 17 Dec 2025 02:06:58 +0000","Dear jane doe,

Thank you for completing the Registration ""JHL 2026 Registration"" with Hope Hockey League. A summary of your Registration is below and your account is accessible online at https://www.jhlhockey.ca/profiles/show

You can view the full survey entry here .

To ensure the highest level of data security, SportsEngine registration data is no longer displayed within notification emails. Instead, a link is provided by which an admin can view all order and entry information within SportsEngine.

Thank You,

Hope Hockey League

Powered by SportsEngine
https://www.sportsengine.com

Download the SportsEngine mobile app for team schedules and alerts!",19b2a0d33f952722
19b097b2022cc3c0,Old Navy Canada <orders@email.oldnavy.ca>,<jane313@gmail.com>,Order Confirmation #1P4V21D,"Wed, 10 Dec 2025 12:17:02 -0600","Order Confirmation #1P4V21D

Order Confirmation: This is not your receipt.

View in browser

Order Confirmation

1P4V21D

Hi jane,

Your order #1P4V21D has been received.

Estimated arrival 4-5 Business Days

jane doe
19 avenue road,

Maple,
Ontario
M4R 2X8

Total CA$56.51

Visa
â€“ 9933
(CA$56.51)

Check Order Details

We'll send you an email as soon as your order ships. Use that Ship Notification email as your receipt for eligible items when returning in store.

Your Order (3 items)

High-Waisted SoComfy Wide-Leg Sweatpants

7773630530001

Was CA$42.99
CA$20.99

S | Jet Stream

Rewards

-CA$0.94

Quantity 1

CA$20.05

Standard 4-5 Business Days

Snug-Fit Ribbed Henley Pajama Set for Toddler & Baby

8063360335000

Was CA$19.99
CA$11.99

5T | FAIRYTALE ROSE

Rewards

-CA$0.53

Quantity 1

CA$11.46

Standard 4-5 Business Days

Snug-Fit Ribbed Henley Pajama Set for Toddler & Baby

8063360432000

Was CA$19.99
CA$11.99

2T | Light Oatmeal

Rewards

-CA$0.53

Quantity 1

CA$11.46

Standard 4-5 Business Days

Summary of Charges

Subtotal (3 items)

CA$44.97

Rewards

-CA$2.00

Shipping

CA$9.00

Est Tax

CA$4.54

Total

CA$56.51

Helpful Information

Need to make changes? Visit Order Details to view any eligible self-service options.

Returning in store? Bring eligible items and your Shipping Notification email as your receipt. Or bring the card used for this purchase.

Returning by mail? Go to Order Details to print a free return label for eligible items.

See all FAQs about orders and returns , including uniform-specific policies.

Customer Support 9:00 a.m. to 9:00 p.m. Eastern Time, 7 days a week 1-800-OLD-NAVY (1-800-653-6289)

Privacy Policy
|

Language Preference",19b097b2022cc3c0
19ae9427e28a18bb,"""Amazon.ca"" <auto-confirm@amazon.ca>",jane313@gmail.com,"Ordered: ""Pampers Baby Wipes..."" and 1 more item","Thu, 4 Dec 2025 12:07:19 +0000","Ordered: ""Pampers Baby Wipes..."" and 1 more itemÍ &zwnj; â€‡ &shy;Í &zwnj; â€‡ &shy;Í &zwnj; â€‡ &shy;Í &zwnj; â€‡ &shy;Í &zwnj; â€‡ &shy;Í &zwnj; â€‡ &shy;Í &zwnj; â€‡ &shy;Í &zwnj; â€‡ &shy;Í &zwnj; â€‡ &shy;Í &zwnj; â€‡ &shy;Í &zwnj; â€‡ &shy;Í &zwnj; â€‡ &shy;Í &zwnj; â€‡ &shy;Í &zwnj; â€‡ &shy;Í &zwnj; â€‡ &shy;Í &zwnj; â€‡ &shy;Í &zwnj; â€‡ &shy;Í &zwnj; â€‡ &shy;Í &zwnj; â€‡ &shy;Í &zwnj; â€‡ &shy;Í &zwnj; â€‡ &shy;Í &zwnj; â€‡ &shy;Í &zwnj; â€‡ &shy;Í &zwnj; â€‡ &shy;Í &zwnj; â€‡ &shy;Í &zwnj; â€‡ &shy;Í &zwnj; â€‡ &shy;Í &zwnj; â€‡ &shy;Í &zwnj; â€‡ &shy;Í &zwnj; â€‡ &shy;Í &zwnj; â€‡ &shy;Í &zwnj; â€‡ &shy;Í &zwnj; â€‡ &shy;Í &zwnj; â€‡ &shy;Í &zwnj; â€‡ &shy;Í &zwnj; â€‡ &shy;Í &zwnj; â€‡ &shy;Í &zwnj; â€‡ &shy;Í &zwnj; â€‡ &shy;Í &zwnj; â€‡ &shy;Í &zwnj; â€‡ &shy;Í &zwnj; â€‡ &shy;Í &zwnj; â€‡ &shy;Í &zwnj; â€‡ &shy;Í &zwnj; â€‡ &shy;Í &zwnj; â€‡ &shy;Í &zwnj; â€‡ &shy;Í &zwnj; â€‡ &shy;Í &zwnj; â€‡ &shy;Í &zwnj; â€‡ &shy;Í &zwnj; â€‡ &shy;Í &zwnj; â€‡ &shy;Í &zwnj; â€‡ &shy;Í &zwnj; â€‡ &shy;Í &zwnj; â€‡ &shy;Í &zwnj; â€‡ &shy;Í &zwnj; â€‡ &shy;Í &zwnj; â€‡ &shy;Í &zwnj; â€‡ &shy;Í &zwnj; â€‡ &shy;Í &zwnj; â€‡ &shy;Í &zwnj; â€‡ &shy;Í &zwnj; â€‡ &shy;Í &zwnj; â€‡ &shy;Í &zwnj; â€‡ &shy;Í &zwnj; â€‡ &shy;Í &zwnj; â€‡ &shy;Í &zwnj; â€‡ &shy;Í &zwnj; â€‡ &shy;Í &zwnj; â€‡ &shy;Í &zwnj; â€‡ &shy;Í &zwnj; â€‡ &shy;Í &zwnj; â€‡ &shy;Í &zwnj; â€‡ &shy;Í &zwnj; â€‡ &shy;Í &zwnj; â€‡ &shy;Í &zwnj; â€‡ &shy;Í &zwnj; â€‡ &shy;Í &zwnj; â€‡ &shy;Í &zwnj; â€‡ &shy;Í &zwnj; â€‡ &shy;Í &zwnj; â€‡ &shy;Í &zwnj; â€‡ &shy;Í &zwnj; â€‡ &shy;Í &zwnj; â€‡ &shy;Í &zwnj; â€‡ &shy;Í &zwnj; â€‡ &shy;Í &zwnj; â€‡ &shy;Í &zwnj; â€‡ &shy;Í &zwnj; â€‡ &shy;Í &zwnj; â€‡ &shy;Í &zwnj; â€‡ &shy;Í &zwnj; â€‡ &shy;Í &zwnj; â€‡ &shy;Í &zwnj; â€‡ &shy;Í &zwnj; â€‡ &shy;Í &zwnj; â€‡ &shy;Í &zwnj; â€‡ &shy;Í &zwnj; â€‡ &shy;Í &zwnj; â€‡ &shy;Í &zwnj; â€‡ &shy;Í &zwnj; â€‡ &shy;Í &zwnj; â€‡ &shy;Í &zwnj; â€‡ &shy;Í &zwnj; â€‡ &shy;Í &zwnj; â€‡ &shy;Í &zwnj; â€‡ &shy;Í &zwnj; â€‡ &shy;Í &zwnj; â€‡ &shy;Í &zwnj; â€‡ &shy;Í &zwnj; â€‡ &shy;Í &zwnj; â€‡ &shy;Í &zwnj; â€‡ &shy;Í &zwnj; â€‡ &shy;Í &zwnj; â€‡ &shy;Í &zwnj; â€‡ &shy;Í &zwnj; â€‡ &shy;Í &zwnj; â€‡ &shy;Í &zwnj; â€‡ &shy;Í &zwnj; â€‡ &shy;Í &zwnj; â€‡ &shy;Í &zwnj; â€‡ &shy;Í &zwnj; â€‡ &shy;Í &zwnj; â€‡ &shy;Í &zwnj; â€‡ &shy;Í &zwnj; â€‡ &shy;Í &zwnj; â€‡ &shy;Í &zwnj; â€‡ &shy;Í &zwnj; â€‡ &shy;Í &zwnj; â€‡ &shy;Í &zwnj; â€‡ &shy;Í &zwnj; â€‡ &shy;Í &zwnj; â€‡ &shy;Í &zwnj; â€‡ &shy;Í &zwnj; â€‡ &shy;Í &zwnj; â€‡ &shy;Í &zwnj; â€‡ &shy;Í &zwnj; â€‡ &shy;Í &zwnj; â€‡ &shy;Í &zwnj; â€‡ &shy;Í &zwnj; â€‡ &shy;Í &zwnj; â€‡ &shy;Í &zwnj; â€‡ &shy;Í &zwnj; â€‡ &shy;Í &zwnj; â€‡ &shy;Í &zwnj; â€‡ &shy;Í &zwnj; â€‡ &shy;Í &zwnj; â€‡ &shy;Í &zwnj; â€‡ &shy;Í &zwnj; â€‡ &shy; &#xA0;&#xA0;&#xA0; Your Orders &#xA0;&#xA0;&#xA0; &#xA0;&#xA0;&#xA0; Your Account &#xA0;&#xA0;&#xA0; &#xA0;&#xA0;&#xA0; Buy Again &#xA0;&#xA0;&#xA0; Thanks for your order, jane! Ordered Shipped Out for delivery Delivered Arriving tomorrow jane â€“ Maple, Ontario Order # â€«701-7525462-4265841 View or edit order Scotch Shipping and Packaging Tap... Quantity: 1 $ 14 97 Pampers Baby Wipes Sensitive Perf... Quantity: 1 $ 23 97 Total $44.01 Â©2025 Amazon.com, Inc. or its affiliates. Amazon and all related marks are trademarks of Amazon.com, Inc. or its affiliates. Mailing address: Amazon.com.ca ULC, 410 Terry Avenue N., Seattle, WA 98109-5210, c/o Amazon.com Services LLC. If you have any questions and wish to contact us, click here .",19ae9427e28a18bb
19ae4c6f5e03c8d4,Williams Sonoma <WilliamsSonoma@e.williams-sonoma.com>,<jane313@gmail.com>,LAST DAY! 20% Off Nonstick Cookware Favorites ends tonight,"Wed, 03 Dec 2025 09:13:50 -0600","Williams-Sonoma

Shop the biggest savings of the season while they last.

â€Œ â€Œ â€Œ â€Œ â€Œ â€Œ â€Œ â€Œ â€Œ â€Œ â€Œ
â€Œ â€Œ â€Œ â€Œ â€Œ â€Œ â€Œ â€Œ â€Œ â€Œ â€Œ
â€Œ â€Œ â€Œ â€Œ â€Œ â€Œ â€Œ â€Œ â€Œ â€Œ â€Œ
â€Œ â€Œ â€Œ â€Œ â€Œ â€Œ â€Œ â€Œ â€Œ â€Œ â€Œ
â€Œ â€Œ â€Œ â€Œ â€Œ â€Œ â€Œ â€Œ â€Œ â€Œ â€Œ
â€Œ â€Œ â€Œ â€Œ â€Œ â€Œ â€Œ â€Œ â€Œ â€Œ â€Œ
â€Œ â€Œ â€Œ â€Œ â€Œ â€Œ â€Œ â€Œ â€Œ â€Œ â€Œ
â€Œ â€Œ â€Œ â€Œ â€Œ â€Œ â€Œ â€Œ â€Œ â€Œ â€Œ
â€Œ â€Œ â€Œ â€Œ â€Œ â€Œ â€Œ â€Œ â€Œ â€Œ â€Œ
â€Œ â€Œ â€Œ â€Œ â€Œ â€Œ â€Œ â€Œ â€Œ â€Œ â€Œ
â€Œ â€Œ â€Œ â€Œ â€Œ â€Œ â€Œ â€Œ â€Œ â€Œ â€Œ
â€Œ â€Œ â€Œ â€Œ â€Œ â€Œ â€Œ â€Œ â€Œ â€Œ â€Œ
â€Œ â€Œ â€Œ â€Œ â€Œ â€Œ â€Œ â€Œ â€Œ â€Œ â€Œ
â€Œ â€Œ â€Œ â€Œ â€Œ â€Œ â€Œ â€Œ â€Œ â€Œ â€Œ
â€Œ â€Œ â€Œ â€Œ â€Œ â€Œ â€Œ â€Œ â€Œ â€Œ â€Œ
â€Œ â€Œ â€Œ â€Œ â€Œ â€Œ â€Œ â€Œ â€Œ â€Œ â€Œ
â€Œ â€Œ â€Œ â€Œ â€Œ â€Œ â€Œ â€Œ â€Œ â€Œ

KitchenAidÂ® Artisan Stand Mixer, 5-qt

Breville Barista Touchâ„¢ Impress Espresso Machine

Breville Barista ExpressÂ® Impress Espresso Machine

Staub Enameled Cast Iron Round Dutch Oven

Breville Smart OvenÂ® Air Fryer Pro

Le Creuset Signature Enameled Cast Iron Oval Dutch Oven

*Quantities are limited and exclusions may apply. See site for details
. Offer valid on in-stock items only and cannot be applied to prior purchases. Offer may not be combined with any other coupons, discounts, offers, or promotions. Offer is non-transferable and cannot be sold or otherwise bartered. Offer not valid on special orders, gift cards, monogramming, gift wrap, taxes, and wine gift purchases. Offer not valid on purchases made at Williams Sonoma Outlet stores. Offer not valid for international orders. Associates are not eligible for this offer.

EARNING REWARDS & USING YOUR CARD
1 New cardmembers earn 10% back in rewards for Net Eligible purchases made at Williams Sonoma, Williams Sonoma Home, Pottery Barn, Pottery Barn Kids, Pottery Barn Teen, West Elm, Rejuvenation and Mark & Graham (excludes GreenRow) during the first 30 days from account opening, 5% thereafter. Some approved customers will not be eligible to make same-day purchases, for example, if they do not timely complete any required authentication process and/or their applications present fraud concerns. Customers who are not eligible for a virtual card will not be able to make a purchase until their card arrives in the mail.
2 Any purchase of $0.01 or more made with a Key Rewards Visa in-store or online at a participating Williams-Sonoma, Inc. brand qualifies for free standard shipping within the contiguous 48 states. For the avoidance of doubt, free shipping is not available if you use your Rewards to purchase your entire order. Please note that free shipping is only offered where you pay directly with your Key Rewards Visa as the initial payment method in the transaction. Free shipping is not available if payment is made using digital wallets, such as Apple Pay, Google Wallet, or Samsung Pay, or if payment is made through third party payment solutions, such as PayPal.
The Williams Sonoma, West Elm, Pottery Barn, and Key Rewards Visa and services are offered by Capital One, N.A., pursuant to a license from Visa, Inc.

Credit card offers are subject to credit approval

Visa is a registered trademark of Visa International Service Association.

If you prefer not to receive promotional email messages from us, please click here .

&copy; 2025 Williams-Sonoma, Inc., Direct Marketing Dept., 3250 Van Ness Ave., San Francisco, CA 94109.
All Rights Reserved. Read about our privacy policy .

This message was sent to jane313@gmail.com.

View email with images",19ae4c6f5e03c8d4
19ae354386f167ce,Team Bento <hello+app@onbento.com>,jane doe <jane313@gmail.com>,"Bento Just Reloaded Your Account, You Have 20 Email Credits  ğŸ™ŒğŸ»","Wed, 03 Dec 2025 08:28:58 +0000 (UTC)","Hi jane,

Your dashboard has 20 email credits to be used. Use them to
reach out to new brands you'd like to land partnerships with on Bento!

Visit your dashboard here ,
and happy emailing ğŸ’Œ
Jaclyn
p.s. don't forget to follow up with any brands that you're waiting to hear
back from! Find that list on your
Tracking Page - where we've
automatically tracked all your pitches for you!",19ae354386f167ce
19b7665c25b06d5c,Charity Shia Ithna-Asheri Jamaat of Toronto <announcements@Hope.org>,<jane313@gmail.com>,"[ISIJ Weekly Newswire] Wednesday, December 31, 2025","Wed, 31 Dec 2025 21:52:15 +0000","[ISIJ Weekly Newswire] Wednesday, December 31, 2025

View this email in your browser

Wednesday, December 31, 2025

10 Rajab , 1447 AH

WEEKLY NEWSWIRE
As-SalÄmu â€˜Alaykum

FROM THE ISIJ COMMITTEES

Hope Support Services
Raising Strong Hearts: Parenting Boys and Children with Emotional Wisdom

Hope Senior Citizens Group
Ladies Milad - January 30th, 2026 - Register Now

Hope Education Committee
ARTIC - Artisans of the Charity Community - Sign up Today

Hope Muslim Foodbank
In order to continue providing support to those in need, we need your help! - Donate Today

Hope Children's Tabligh
Ansaar e Mehdi - Little Awaiters - Registration opens January 4 - Ages 6-12 years

Hope Tabligh Committee
Annual 12th Imam Quiz Competition for Adults and Children
3rd Quran Ma'rifa Competitions
Toy Drive Collection until January 3, 2026
Quranic Arabic - Tuesdays - Starting on January 6 - Register Now

Zainabiya Workshop
CLOSED - REOPENS JANUARY 12, 2026

OTHER NEWS

Academy for Learning Islam
ALI 710 - Quranic Arabic and Knowledge - Level 4
ALI 709 - Charity Anthropology - The Immaterial Soul

Nudba Group
Because We Care Program

Copyright Â© 2025, All rights reserved.

Our mailing address is:
9000 Bathurst Street, Thornhill, ON, Canada, L4J 8A7

This email was sent to jane313@gmail.com

why did I get this? unsubscribe from this list update subscription preferences

Charity Shia Ithna-Asheri Jamaat of Toronto &middot; 9000 Bathurst Street &middot; Thornhill, On L4J 8A7 &middot; Canada",19b7665c25b06d5c
19b60011b60e1518,"""Elodie | La Marcotterie"" <info@lamarcotterie.com>",jane doe <jane313@gmail.com>,Need a break from the holidays chaos? ğŸ¥°,"Sat, 27 Dec 2025 13:30:43 +0000 (UTC)","Enjoy a self-care moment at 15% off!â€‡Í â€‡Í â€‡Í â€‡Í â€‡Í â€‡Í â€‡Í â€‡Í â€‡Í â€‡Í â€‡Í â€‡Í â€‡Í â€‡Í â€‡Í â€‡Í â€‡Í â€‡Í â€‡Í â€‡Í â€‡Í â€‡Í â€‡Í â€‡Í â€‡Í â€‡Í â€‡Í â€‡Í â€‡Í â€‡Í â€‡Í â€‡Í â€‡Í â€‡Í â€‡Í â€‡Í â€‡Í â€‡Í â€‡Í â€‡Í â€‡Í â€‡Í â€‡Í â€‡Í â€‡Í â€‡Í â€‡Í â€‡Í â€‡Í â€‡Í â€‡Í â€‡Í â€‡Í â€‡Í â€‡Í â€‡Í â€‡Í â€‡Í â€‡Í â€‡Í â€‡Í â€‡Í â€‡Í â€‡Í â€‡Í â€‡Í â€‡Í â€‡Í â€‡Í â€‡Í â€‡Í â€‡Í â€‡Í â€‡Í â€‡Í â€‡Í â€‡Í â€‡Í â€‡Í â€‡Í â€‡Í â€‡Í â€‡Í â€‡Í â€‡Í â€‡Í â€‡Í â€‡Í â€‡Í â€‡Í â€‡Í â€‡Í â€‡Í â€‡Í â€‡Í â€‡Í â€‡Í â€‡Í â€‡Í â€‡Í â€‡Í â€‡Í â€‡Í â€‡Í â€‡Í â€‡Í â€‡Í â€‡Í â€‡Í â€‡Í â€‡Í â€‡Í â€‡Í â€‡Í â€‡Í â€‡Í â€‡Í â€‡Í â€‡Í â€‡Í â€‡Í â€‡Í â€‡Í â€‡Í â€‡Í â€‡Í â€‡Í â€‡Í â€‡Í â€‡Í â€‡Í â€‡Í â€‡Í â€‡Í â€‡Í â€‡Í â€‡Í â€‡Í â€‡Í â€‡Í â€‡Í â€‡Í â€‡Í â€‡Í â€‡Í â€‡Í â€‡Í â€‡Í â€‡Í â€‡Í Â­ Â­ Â­ Â­ Â­ Â­ Â­ Â­ Â­ Â­ Â­ Â­ Â­ Â­ Â­ Â­ Â­ Â­ Â­ Â­ Â­ Â­ Â­ Â­ Â­ Â­ Â­ Â­ Â­ Â­ Â­ Â­ Â­ Â­ Â­ Â­ Â­ Â­ Â­ Â­ Â­ Â­ Â­ Â­ Â­ Â­ Â­ Â­ Â­ Â­ Â­ Â­ Â­ Â­ Â­ Â­ Â­ Â­ Â­ Â­ Â­ Â­ Â­ Â­ Â­ Â­ Â­ Â­ Â­ Â­ Â­ Â­ Â­ Â­ Â­ Â­ Â­ Â­ Â­ Â­ Â­ Â­ Â­ Â­ Â­ Â­ Â­ Â­ Â­ Â­ Â­ Â­ Â­ Â­ Â­ Â­ Â­ Â­ Â­ Â­ Â­ Â­ Â­ Â­ Â­ Â­ Â­ Â­ Â­ Â­ Â­ Â­ Â­ Â­ Â­ Â­ Â­ Â­ Â­ Â­ Â­ Â­ Â­ Â­ Â­ Â­ Â­ Â­ Â­ Â­ Â­ Â­ Â­ Â­ Â­ Â­ Â­ Â­ Â­ Â­ Â­ Â­ Â­ Â­ Â­ Â­ Â­ Â­ Â­ Â­

SPOIL THE MOST IMPORTANT PERSON ON YOUR LIST: YOU!
Enjoy 15% off storewide

USE CODE: BOXINGWEEK2025

Now until December 29th

A break from the holiday chaos!
So let me guess - You spoiled all your loved ones, but you forgot to treat yourself with something YOU really want for Christmas. The Holidays are fun, but they can also be exhausting! This is your gentle reminder to take a moment for yourself...at 15% off :)

Here are my personal favorite go-to products when I need to unwind. I hope you'll like them too. As always, they're handmade with the finest high quality natural ingredients to create a truly luxurious experience.

Warmly,
Elodie

detoxifying soap bar | meditation

$14.00

Shop now

bath bomb | calm

$8.00

Shop now

massage oil | savasana

$32.00

Shop now

bath salts | nordique

$14.00

Shop now

body butter | simply lavender

$28.00

Shop now

soy candle | mademoiselle

$24.00

Shop now

No longer want to receive these emails? Unsubscribe . La Marcotterie Inc.",19b60011b60e1518
19b0d8fdcfa8c69e,Taha Shashtari <notifications@github.com>,"""ChifferCo/chiffer"" <chiffer@noreply.github.com>",Re: [ChifferCo/chiffer] [NetSuite] Support Legacy Taxing System (Issue #19782),"Thu, 11 Dec 2025 05:18:10 -0800","tahasub left a comment (ChifferCo/chiffer#19782)
I'm not sure if setting isTaxable to true at the line-item level might break saving invoices for this org or others. Even though CodeSignal uses Legacy tax, it looks like NetSuite ignores this option when Per-Line Taxes on Transactions is enabled. So I think itâ€™s safer to keep this set to false and let NetSuite decide how and where taxes should be calculated.
Since everything works well for this org and others, I'd keep it as is for now unless we run into a case that needs it. Wdyt?

â€” Reply to this email directly, view it on GitHub , or unsubscribe . You are receiving this because you commented. Message ID: <ChifferCo/chiffer/issues/19782/3641884330 @ github . com>",19b0d8fdcfa8c69e
19b5d009360e96a0,Structube <newsletter@structube.com>,jane313@gmail.com,Boxing Sale is Happening Now!,"Fri, 26 Dec 2025 23:31:15 +0000 (UTC)","Get excited for great deals â€‡Íâ€‡Íâ€‡Íâ€‡Íâ€‡Íâ€‡Íâ€‡Íâ€‡Íâ€‡Íâ€‡Íâ€‡Íâ€‡Íâ€‡Íâ€‡Íâ€‡Íâ€‡Íâ€‡Íâ€‡Íâ€‡Íâ€‡Íâ€‡Íâ€‡Íâ€‡Íâ€‡Íâ€‡Íâ€‡Íâ€‡Íâ€‡Íâ€‡Íâ€‡Íâ€‡Íâ€‡Íâ€‡Íâ€‡Íâ€‡Íâ€‡Íâ€‡Íâ€‡Íâ€‡Íâ€‡Íâ€‡Íâ€‡Íâ€‡Íâ€‡Íâ€‡Íâ€‡Íâ€‡Íâ€‡Íâ€‡Íâ€‡Íâ€‡Íâ€‡Íâ€‡Íâ€‡Íâ€‡Íâ€‡Íâ€‡Íâ€‡Íâ€‡Íâ€‡Íâ€‡Íâ€‡Íâ€‡Íâ€‡Íâ€‡Íâ€‡Íâ€‡Íâ€‡Íâ€‡Íâ€‡Íâ€‡Íâ€‡Íâ€‡Íâ€‡Íâ€‡Íâ€‡Íâ€‡Íâ€‡Íâ€‡Íâ€‡Íâ€‡Íâ€‡Íâ€‡Íâ€‡Íâ€‡Íâ€‡Íâ€‡Íâ€‡Íâ€‡Íâ€‡Íâ€‡Íâ€‡Íâ€‡Íâ€‡Íâ€‡Íâ€‡Íâ€‡Íâ€‡Íâ€‡Íâ€‡Íâ€‡Íâ€‡Íâ€‡Íâ€‡Íâ€‡Íâ€‡Íâ€‡Íâ€‡Íâ€‡Íâ€‡Íâ€‡Íâ€‡Íâ€‡Íâ€‡Íâ€‡Íâ€‡Íâ€‡Íâ€‡Íâ€‡Íâ€‡Íâ€‡Íâ€‡Íâ€‡Íâ€‡Íâ€‡Íâ€‡Íâ€‡Íâ€‡Íâ€‡Íâ€‡Íâ€‡Íâ€‡Íâ€‡Íâ€‡Íâ€‡Íâ€‡Íâ€‡Íâ€‡Íâ€‡Íâ€‡Íâ€‡Íâ€‡Íâ€‡Íâ€‡Íâ€‡Íâ€‡Íâ€‡Íâ€‡Íâ€‡Íâ€‡ÍÂ­ Â­ Â­ Â­ Â­ Â­ Â­ Â­ Â­ Â­ Â­ Â­ Â­ Â­ Â­ Â­ Â­ Â­ Â­ Â­ Â­ Â­ Â­ Â­ Â­ Â­ Â­ Â­ Â­ Â­ Â­ Â­ Â­ Â­ Â­ Â­ Â­ Â­ Â­ Â­ Â­ Â­ Â­ Â­ Â­ Â­ Â­ Â­ Â­ Â­ Â­ Â­ Â­ Â­ Â­ Â­ Â­ Â­ Â­ Â­ Â­ Â­ Â­ Â­ Â­ Â­ Â­ Â­ Â­ Â­ Â­ Â­ Â­ Â­ Â­ Â­ Â­ Â­ Â­ Â­ Â­ Â­ Â­ Â­ Â­ Â­ Â­ Â­ Â­ Â­ Â­ Â­ Â­ Â­ Â­ Â­ Â­ Â­ Â­ Â­ Â­ Â­ Â­ Â­ Â­ Â­ Â­ Â­ Â­ Â­ Â­ Â­ Â­ Â­ Â­ Â­ Â­ Â­ Â­ Â­ Â­ Â­ Â­ Â­ Â­ Â­ Â­ Â­ Â­ Â­ Â­ Â­ Â­ Â­ Â­ Â­ Â­ Â­ Â­ Â­ Â­ Â­ Â­ Â­ Â­ Â­ Â­ Â­ Â­ Â­ Â­ Â­ Â­ Â­ Â­ Â­ Â­ Â­ Â­ Â­ Â­ Â­ Â­ Â­ Â­ Â­ Â­ Â­ Â­ Â­ Â­ Â­ Â­ Â­ Â­ Â­ Â­ Â­ Â­ Â­ Â­ Â­ Â­ Â­ Â­ Â­ Â­ Â­ Â­ Â­ Â­ Â­ Â­ Â­ Â­ Â­ Â­ Â­ Â­ Â­
NEW LIVING ROOM DINING ROOM BEDROOM OFFICE DECOR

#mystructubestyle For a chance to win a $100 gift card, tag us on Instagram using @structube and #mystructubestyle in your posts.

NEW LIVING ROOM DINING ROOM BEDROOM OFFICE DECOR

You're receiving this email because you subscribed at structube.com .
Â© 2025 Structube, 3300 Autoroute Chomedey Ouest A13 Laval, Quebec H7X 0G1 CA Structube reserves the right to make any price changes without prior notice. *Valid on orders over $299, before all applicable taxes. Certain conditions may apply. ** Payment options through Affirm Canada Holdings Ltd. (""Affirm"") are subject to an eligibility check and approval.
PRIVATE POLICY | VIEW IN BROWSER
UNSUBSCRIBE FIND A STORE",19b5d009360e96a0
19c01b74af540a05,"""Reptilia Zoo & Education Centre"" <noreply@reptilia.org>",<jane313@gmail.com>,A Venue Thatâ€™s Anything But Ordinary!,"Tue, 27 Jan 2026 23:08:19 +0000","A Venue Thatâ€™s Anything But Ordinary
Looking for a bold space for your next meeting or corporate gala? Discover how Reptilia blends modern amenities with an exotic atmosphere.&zwnj; &shy;&zwnj; &shy;&zwnj; &shy;&zwnj; &shy;&zwnj; &shy;&zwnj; &shy;&zwnj; &shy;&zwnj; &shy;&zwnj; &shy;&zwnj; &shy;&zwnj; &shy;&zwnj; &shy;&zwnj; &shy;&zwnj; &shy;&zwnj; &shy;&zwnj; &shy;&zwnj; &shy;&zwnj; &shy;&zwnj; &shy;&zwnj; &shy;&zwnj; &shy;&zwnj; &shy;&zwnj; &shy;&zwnj; &shy;&zwnj; &shy;&zwnj; &shy;&zwnj; &shy;&zwnj; &shy;&zwnj; &shy;&zwnj; &shy;&zwnj; &shy;&zwnj; &shy;&zwnj; &shy;&zwnj; &shy;&zwnj; &shy;&zwnj; &shy;&zwnj; &shy;&zwnj; &shy;&zwnj; &shy;&zwnj; &shy;&zwnj; &shy;&zwnj; &shy;&zwnj; &shy;&zwnj; &shy;&zwnj; &shy;&zwnj; &shy;&zwnj; &shy;&zwnj; &shy;&zwnj; &shy;&zwnj; &shy;&zwnj; &shy;&zwnj; &shy;&zwnj; &shy;&zwnj; &shy;&zwnj; &shy;&zwnj; &shy;&zwnj; &shy;&zwnj; &shy;&zwnj; &shy;&zwnj; &shy;&zwnj; &shy;&zwnj; &shy;&zwnj; &shy;&zwnj; &shy;&zwnj; &shy;&zwnj; &shy;&zwnj; &shy;&zwnj; &shy;&zwnj; &shy;&zwnj; &shy;&zwnj; &shy;&zwnj; &shy;&zwnj; &shy;&zwnj; &shy;&zwnj; &shy;&zwnj; &shy;&zwnj; &shy;&zwnj; &shy;&zwnj; &shy;&zwnj; &shy;&zwnj; &shy;&zwnj; &shy;&zwnj; &shy;&zwnj; &shy;&zwnj; &shy;&zwnj; &shy;&zwnj; &shy;&zwnj; &shy;&zwnj; &shy;&zwnj; &shy;&zwnj; &shy;&zwnj; &shy;&zwnj; &shy;&zwnj; &shy;&zwnj; &shy;&zwnj; &shy;&zwnj; &shy;&zwnj; &shy;&zwnj; &shy;&zwnj; &shy;&zwnj; &shy;&zwnj; &shy;&zwnj; &shy;&zwnj; &shy;&zwnj; &shy;&zwnj; &shy;&zwnj; &shy;&zwnj; &shy;&zwnj; &shy;&zwnj; &shy;&zwnj; &shy;&zwnj; &shy;&zwnj; &shy;&zwnj; &shy;&zwnj; &shy;&zwnj; &shy;&zwnj; &shy;&zwnj; &shy;&zwnj; &shy;&zwnj; &shy;&zwnj; &shy;&zwnj; &shy;&zwnj; &shy;&zwnj; &shy;&zwnj; &shy;&zwnj; &shy;&zwnj; &shy;&zwnj; &shy;&zwnj; &shy;&zwnj; &shy;&zwnj; &shy;&zwnj; &shy;&zwnj; &shy;&zwnj; &shy;&zwnj; &shy;&zwnj; &shy;&zwnj; &shy;&zwnj; &shy;&zwnj; &shy;&zwnj; &shy;&zwnj; &shy;&zwnj; &shy;&zwnj; &shy;&zwnj; &shy;&zwnj; &shy;&zwnj; &shy;&zwnj; &shy;&zwnj; &shy;&zwnj; &shy;&zwnj; &shy;&zwnj; &shy;&zwnj; &shy;&zwnj; &shy;&zwnj; &shy;&zwnj; &shy;&zwnj; &shy;&zwnj; &shy;&zwnj; &shy;&zwnj; &shy;&zwnj; &shy;&zwnj; &shy;&zwnj; &shy;&zwnj; &shy;&zwnj; &shy;&zwnj; &shy;&zwnj; &shy;&zwnj; &shy;&zwnj; &shy;&zwnj; &shy;&zwnj; &shy;&zwnj; &shy;&zwnj; &shy;&zwnj; &shy;&zwnj; &shy;&zwnj; &shy;&zwnj; &shy;&zwnj; &shy;&zwnj; &shy;&zwnj; &shy;&zwnj; &shy;&zwnj; &shy;&zwnj; &shy;&zwnj; &shy;&zwnj; &shy;&zwnj; &shy;&zwnj; &shy;&zwnj; &shy;&zwnj; &shy;&zwnj; &shy;&zwnj; &shy;&zwnj; &shy;&zwnj; &shy;&zwnj; &shy;&zwnj; &shy;&zwnj; &shy;&zwnj; &shy;&zwnj; &shy;&zwnj; &shy;&zwnj; &shy;&zwnj; &shy;
Why settle for a venue thatâ€™s just a room? At Reptilia, your event is surrounded by the worldâ€™s most fascinating creatures, providing a built-in ""wow"" factor that keeps guests engaged from start to finish. Choose Your Adventure: Epic Birthday Bashes: From ""Junior Keeper"" parties to sophisticated adult milestones, we offer private rooms and hands-on encounters that make the guest of honor the star of the show. Legendary Company Parties: Reward your team with a VIP cocktail hour in a tropical paradise. Itâ€™s the perfect way to say ""thank you"" with a side of adventure. Team Building with Teeth: Forget boring icebreakers. Nothing builds trust and communication quite like a group encounter with a giant python or a collaborative reptile-themed scavenger hunt. Productive Meetings: Get the creative juices flowing. Our flexible spaces are fully equipped with modern AV for presentations, set against a backdrop of exotic wildlife. Book With Reptilia Vaughan! Book With Reptilia Whitby! Book With Reptilia London! Â­ Reptilia Inc 2501 Rutherford Road, L4K2N6, Vaughan 1400 Victoria Street East, L1N 0M2, Whitby 785 Wonderland Road South, N6k 1M6, London This email was sent to jane313@gmail.com You've received this email because you've subscribed to our newsletter. Unsubscribe",19c01b74af540a05
19b999dcab1f3255,Kitchen Stuff Plus <kitchenstuffplus@kitchenstuffplus.com>,jane313@gmail.com,PSA: Extra 10% off ChristmasğŸ„,"Wed, 07 Jan 2026 18:00:12 +0000 (UTC)","Santa left behind some serious dealsâ€‡Í â€‡Í â€‡Í â€‡Í â€‡Í â€‡Í â€‡Í â€‡Í â€‡Í â€‡Í â€‡Í â€‡Í â€‡Í â€‡Í â€‡Í â€‡Í â€‡Í â€‡Í â€‡Í â€‡Í â€‡Í â€‡Í â€‡Í â€‡Í â€‡Í â€‡Í â€‡Í â€‡Í â€‡Í â€‡Í â€‡Í â€‡Í â€‡Í â€‡Í â€‡Í â€‡Í â€‡Í â€‡Í â€‡Í â€‡Í â€‡Í â€‡Í â€‡Í â€‡Í â€‡Í â€‡Í â€‡Í â€‡Í â€‡Í â€‡Í â€‡Í â€‡Í â€‡Í â€‡Í â€‡Í â€‡Í â€‡Í â€‡Í â€‡Í â€‡Í â€‡Í â€‡Í â€‡Í â€‡Í â€‡Í â€‡Í â€‡Í â€‡Í â€‡Í â€‡Í â€‡Í â€‡Í â€‡Í â€‡Í â€‡Í â€‡Í â€‡Í â€‡Í â€‡Í â€‡Í â€‡Í â€‡Í â€‡Í â€‡Í â€‡Í â€‡Í â€‡Í â€‡Í â€‡Í â€‡Í â€‡Í â€‡Í â€‡Í â€‡Í â€‡Í â€‡Í â€‡Í â€‡Í â€‡Í â€‡Í â€‡Í â€‡Í â€‡Í â€‡Í â€‡Í â€‡Í â€‡Í â€‡Í â€‡Í â€‡Í â€‡Í â€‡Í â€‡Í â€‡Í â€‡Í â€‡Í â€‡Í â€‡Í â€‡Í â€‡Í â€‡Í â€‡Í â€‡Í â€‡Í â€‡Í â€‡Í â€‡Í â€‡Í â€‡Í â€‡Í â€‡Í â€‡Í â€‡Í â€‡Í â€‡Í â€‡Í â€‡Í â€‡Í â€‡Í â€‡Í â€‡Í â€‡Í â€‡Í â€‡Í â€‡Í â€‡Í â€‡Í â€‡Í â€‡Í â€‡Í Â­ Â­ Â­ Â­ Â­ Â­ Â­ Â­ Â­ Â­ Â­ Â­ Â­ Â­ Â­ Â­ Â­ Â­ Â­ Â­ Â­ Â­ Â­ Â­ Â­ Â­ Â­ Â­ Â­ Â­ Â­ Â­ Â­ Â­ Â­ Â­ Â­ Â­ Â­ Â­ Â­ Â­ Â­ Â­ Â­ Â­ Â­ Â­ Â­ Â­ Â­ Â­ Â­ Â­ Â­ Â­ Â­ Â­ Â­ Â­ Â­ Â­ Â­ Â­ Â­ Â­ Â­ Â­ Â­ Â­ Â­ Â­ Â­ Â­ Â­ Â­ Â­ Â­ Â­ Â­ Â­ Â­ Â­ Â­ Â­ Â­ Â­ Â­ Â­ Â­ Â­ Â­ Â­ Â­ Â­ Â­ Â­ Â­ Â­ Â­ Â­ Â­ Â­ Â­ Â­ Â­ Â­ Â­ Â­ Â­ Â­ Â­ Â­ Â­ Â­ Â­ Â­ Â­ Â­ Â­ Â­ Â­ Â­ Â­ Â­ Â­ Â­ Â­ Â­ Â­ Â­ Â­ Â­ Â­ Â­ Â­ Â­ Â­ Â­ Â­ Â­ Â­ Â­ Â­ Â­ Â­ Â­ Â­ Â­ Â­

*All Christmas items are final sale. Product assortment and quantities vary by location. All promotions are valid while supplies last and do not apply to previous purchases. We reserve the right to end any promotion at any time without notice. Discount codes cannot be combined online. All items were available when the promotion was created and all discounts are off the regular price. We reserve the right to limit quantities, and substitute an item with one of equal or comparable value, at our sole discretion, or in the event an item becomes unavailable for any reason. In the event of a discrepancy between the information presented here or in-store, any corrections issued shall take precedence, and items will be sold at the intended correct price.
*Click & Collect - While it is our intention to have your order ready on the same day within this timeline, your order is subject to store operating hours and the store's capacity to fulfill each order with stock on hand. Delays should be expected during peak shopping days.
*Free Shipping applies to online orders with a subtotal of $75 or more (excluding taxes and shipping fees) shipping to Canadian addresses. Additional shipping fees will apply for oversized or irregular packages, bulk orders, or orders shipping to rural or remote locations. This offer cannot be combined with any other coupon or discount, and is for a limited time only.
This email was sent to jane313@gmail.com by Kitchen Stuff Plus

Contact Us | Unsubscribe | Manage Preferences | View in Your Browser
Kitchen Stuff Plus | 1590 South Gateway Rd Mississauga, Ontario L4W 0A8",19b999dcab1f3255
19ae6ef8678ff5e2,VOILE CHIC <info@voilechic.com>,jane313@gmail.com,"Thank you, this is incredible","Thu, 04 Dec 2025 01:17:24 +0000","Thank you, this is incredible

You are appreciated and this is our promise Í Í Í Í Í Í Í Í Í Í Í Í Í Í Í Í Í Í Í Í Í Í Í Í Í Í Í Í Í Í Í Í Í Í Í Í Í Í Í Í Í Í Í Í Í Í Í Í Í Í Í Í Í Í Í Í Í Í Í Í Í Í Í Í Í Í Í Í Í Í Í Í Í Í Í Í Í Í Í Í Í Í Í Í Í Í Í Í Í Í Í Í Í Í Í Í Í Í Í Í Í Í Í Í Í Í Í Í Í Í Í Í Í Í Í Í Í Í Í Í Í Í Í Í Í Í Í Í Í Í Í Í Í Í Í Í Í Í Í Í Í Í Í Í Í Í Í Í Í Í
&shy; &shy; &shy; &shy; &shy; &shy; &shy; &shy; &shy; &shy; &shy; &shy; &shy; &shy; &shy; &shy; &shy; &shy; &shy; &shy; &shy; &shy; &shy; &shy; &shy; &shy; &shy; &shy; &shy; &shy; &shy; &shy; &shy; &shy; &shy; &shy; &shy; &shy; &shy; &shy; &shy; &shy; &shy; &shy; &shy; &shy; &shy; &shy; &shy; &shy; &shy; &shy; &shy; &shy; &shy; &shy; &shy; &shy; &shy; &shy; &shy; &shy; &shy; &shy; &shy; &shy; &shy; &shy; &shy; &shy; &shy; &shy; &shy; &shy; &shy; &shy; &shy; &shy; &shy; &shy; &shy; &shy; &shy;
&shy; &shy; &shy; &shy; &shy; &shy; &shy; &shy; &shy; &shy; &shy; &shy; &shy; &shy; &shy; &shy; &shy; &shy; &shy; &shy; &shy; &shy; &shy; &shy; &shy; &shy; &shy; &shy; &shy; &shy; &shy; &shy; &shy; &shy; &shy; &shy; &shy; &shy; &shy; &shy; &shy; &shy; &shy; &shy; &shy; &shy; &shy; &shy; &shy; &shy; &shy; &shy; &shy; &shy; &shy;

AsalamuAlaykum jane, I want to thank you for all your support over the past few days. It has been nothing short of incredible. To think this all started over 10 years ago from 2 boxes stored in a closet! Today we ship orders out to you from one of our 6 warehouse locations worldwide. SubhanAllah. We are more than grateful. Some of you have been with us since 2014 and some of you have just placed your first order very recently. Please know that your satisfaction means everything to us. We love hearing from you to know what you love and also if there is anywhere we fell short so we can make it better. We wouldn't exist without you and everything we do is with you in mind first. In case you want to grab some more jersey hijabs , satin-lined undercaps , instant hijabs or any of your favourites, this is a heads up that our Cyber Monday Sale ends tomorrow. Up to 60% off is hours away from ending, then prices go back up again (until next year). May Allah SWT bless you and your loved ones abundantly, ease your affairs and guide us all to rely on him at any given moment. With love and gratitude, Marwa

SHOP NOW

Edit preferences or Unsubscribe",19ae6ef8678ff5e2
19bb5c0761ae5c4a,ridwansameer <notifications@github.com>,"""ChifferCo/chiffer"" <chiffer@noreply.github.com>",Re: [ChifferCo/chiffer] Fix evals on master (PR #20059),"Mon, 12 Jan 2026 21:07:27 -0800","Merged #20059 into master.

â€” Reply to this email directly, view it on GitHub , or unsubscribe . You are receiving this because you authored the thread. Message ID: <ChifferCo/chiffer/pull/20059/issue_event/22006477635 @ github . com>",19bb5c05e3a3415b
19c0a3298d4604f2,Anh Trinh <notifications@github.com>,"""ChifferCo/chiffer"" <chiffer@noreply.github.com>",Re: [ChifferCo/chiffer] draft_workflow_update Tool validation failed: Schema mismatch (PR #20355),"Thu, 29 Jan 2026 06:40:14 -0800","seri left a comment (ChifferCo/chiffer#20355)
yeah @jane as explained on the slack thread, i believe this is fundamentally a bad performance of the feedback agent and that there is no quick fix, although i could be wrong.
if we can detect a pattern of what kind of workflows it struggles, we can improve on this specific problem, but there is a chance performance is degraded somewhere else.
we probably need to do evals on the feedback agent soon.

â€” Reply to this email directly, view it on GitHub , or unsubscribe . You are receiving this because you were mentioned. Message ID: <ChifferCo/chiffer/pull/20355/c3818103219 @ github . com>",19c086f83f2f22a6
19bf8b5d56a7f5aa,noreply@td.com,jane313@gmail.com,You have a new secure message in your EasyWeb Inbox,"Mon, 26 Jan 2026 00:10:24 -0500 (EST)","You have a new secure message in your EasyWeb Inbox

You have a new secure message in your EasyWeb &reg; Online banking Inbox
Please login to EasyWeb &reg; to view your new secure message.

To view the secure message:

Log in to EasyWeb &reg; at td.com
Select ""Unread Messages"" on the ""Accounts"" Page; or
To view all your messages, select ""Communications"" on the left-hand navigation menu

This mailbox is not monitored, please do not reply.
&reg; The TD logo and other TD trademarks are the property of The Torontoâ€‘Dominion Bank or its subsidiaries.",19bf8b5d56a7f5aa